model_name,name_dataset,n_S,n_X,n_U,total_samples,ROC_AUC,Accuracy,Precision,Recall,F1_Score,Statistical_Parity_Diff_(ATE),Disparate_Impact_Ratio,Equal_Opportunity_Diff,Pos_Rate_S1,Pos_Rate_S0,sample_size_label,base_nodes,u_frac,seed,total_nodes,nonlinear_pattern,regime,DIR_dist,Statistical_Parity_Diff_(ATE)_clip,Equal_Opportunity_Diff_clip,DIR_dist_clip,DOFS,DOFS_predictive,DOFS_fairness
CFFair,SF_Large_Sample_Size_Dataset_Linear_ReLU_50%_10_base_nodes_u_0p5_seed_0_8_nodes_full_data.csv,3,6,5,10000,0.9893,0.939,0.9649,0.9111,0.9372,0.5747,4.1113,0.1135,0.7594,0.1847,Large,10,0.5,0,8,Linear_ReLU_50%,Synthetic (SF),0.7567679322841924,0.5747,0.1135,0.7567679322841924,0.708789739292631,0.9422321744290365,0.5141818901939998
CFFair,SF_Large_Sample_Size_Dataset_Linear_ReLU_50%_10_base_nodes_u_0p5_seed_1_8_nodes_full_data.csv,3,6,5,10000,0.9868,0.961,0.9546,0.968,0.9613,0.7057,5.5045,0.152,0.8624,0.1567,Large,10,0.5,1,8,Linear_ReLU_50%,Synthetic (SF),0.8183304568989009,0.7057,0.152,0.8183304568989009,0.6820487278751077,0.9646303141131859,0.45630083133902927
CFFair,SF_Large_Sample_Size_Dataset_Linear_ReLU_50%_10_base_nodes_u_0p5_seed_2_8_nodes_full_data.csv,3,6,5,10000,0.9943,0.9558,0.939,0.9749,0.9566,0.4992,2.8497,0.029,0.769,0.2699,Large,10,0.5,2,8,Linear_ReLU_50%,Synthetic (SF),0.649085868687932,0.4992,0.029,0.649085868687932,0.7476653577396168,0.959647832810685,0.5834190372188992
CFFair,SF_Large_Sample_Size_Dataset_Linear_ReLU_50%_10_base_nodes_u_0p5_seed_3_8_nodes_full_data.csv,3,6,5,10000,0.9837,0.9239,0.8914,0.9653,0.9269,0.6378,0.2601,0.0275,0.2242,0.862,Large,10,0.5,3,8,Linear_ReLU_50%,Synthetic (SF),0.7399,0.6378,0.0275,0.7399,0.7042115840350092,0.9307449886660545,0.5226220041767288
CFFair,SF_Large_Sample_Size_Dataset_Linear_ReLU_50%_10_base_nodes_u_0p5_seed_4_8_nodes_full_data.csv,3,6,5,10000,0.9028,0.8406,0.8565,0.8182,0.8369,0.133,1.3234,0.1134,0.544,0.4111,Large,10,0.5,4,8,Linear_ReLU_50%,Synthetic (SF),0.24437056067704388,0.133,0.1134,0.24437056067704388,0.8408639295216719,0.8487605094799451,0.82857214635144
CFFair,SF_Large_Sample_Size_Dataset_Linear_ReLU_50%_10_base_nodes_u_0p5_seed_5_8_nodes_full_data.csv,3,6,5,10000,0.9825,0.9214,0.9391,0.9013,0.9198,0.5983,0.2328,0.2306,0.1815,0.7799,Large,10,0.5,5,8,Linear_ReLU_50%,Synthetic (SF),0.7672,0.5983,0.2306,0.7672,0.6916380286949575,0.9278041652007432,0.47333733769053465
CFFair,SF_Large_Sample_Size_Dataset_Linear_ReLU_50%_10_base_nodes_u_0p5_seed_6_8_nodes_full_data.csv,3,6,5,10000,0.7815,0.7014,0.7128,0.6747,0.6932,0.3257,2.0512,0.3277,0.6356,0.3099,Large,10,0.5,6,8,Linear_ReLU_50%,Synthetic (SF),0.5124804992199689,0.3257,0.3277,0.5124804992199689,0.6699929161049557,0.7113418502675968,0.6078955442834643
CFFair,SF_Large_Sample_Size_Dataset_Linear_ReLU_50%_10_base_nodes_u_0p5_seed_7_8_nodes_full_data.csv,3,6,5,10000,0.9324,0.858,0.8484,0.8718,0.8599,0.6597,4.5634,0.5237,0.8448,0.1851,Large,10,0.5,7,8,Linear_ReLU_50%,Synthetic (SF),0.7808651444098698,0.6597,0.5237,0.7808651444098698,0.6341530210640552,0.8710790681657085,0.3524140879969408
CFFair,SF_Large_Sample_Size_Dataset_Linear_ReLU_50%_10_base_nodes_u_0p5_seed_8_8_nodes_full_data.csv,3,6,5,10000,0.9452,0.8634,0.8272,0.9189,0.8706,0.5208,2.7632,0.1566,0.8162,0.2954,Large,10,0.5,8,8,Linear_ReLU_50%,Synthetic (SF),0.6381007527504343,0.5208,0.1566,0.6381007527504343,0.7170989082889115,0.8786720296839079,0.5525499592226397
CFFair,SF_Large_Sample_Size_Dataset_Linear_ReLU_50%_10_base_nodes_u_0p5_seed_9_8_nodes_full_data.csv,3,6,5,10000,0.8324,0.7566,0.7877,0.7024,0.7426,0.0681,0.8581,0.0371,0.4118,0.4799,Large,10,0.5,9,8,Linear_ReLU_50%,Synthetic (SF),0.14190000000000003,0.0681,0.0371,0.14190000000000003,0.8067669499731361,0.7615783571137006,0.9077490115994626
CFFair,SF_Large_Sample_Size_Dataset_Linear_ReLU_50%_10_base_nodes_u_1p0_seed_0_8_nodes_full_data.csv,3,6,10,10000,0.9769,0.9141,0.8984,0.9338,0.9158,0.1252,0.7849,0.0697,0.4568,0.582,Large,10,1.0,0,8,Linear_ReLU_50%,Synthetic (SF),0.21509999999999996,0.1252,0.0697,0.21509999999999996,0.8917883883000473,0.9233237666721763,0.8529303128461749
CFFair,SF_Large_Sample_Size_Dataset_Linear_ReLU_50%_10_base_nodes_u_1p0_seed_1_8_nodes_full_data.csv,3,6,10,10000,0.9934,0.9577,0.9472,0.9693,0.9582,0.4763,0.3635,0.0645,0.2721,0.7484,Large,10,1.0,1,8,Linear_ReLU_50%,Synthetic (SF),0.6365000000000001,0.4763,0.0645,0.6365000000000001,0.7523784343052665,0.9618971363861815,0.5866646056748592
CFFair,SF_Large_Sample_Size_Dataset_Linear_ReLU_50%_10_base_nodes_u_1p0_seed_2_8_nodes_full_data.csv,3,6,10,10000,0.9832,0.9238,0.9301,0.9164,0.9232,0.3188,0.5103,0.1063,0.3321,0.6509,Large,10,1.0,2,8,Linear_ReLU_50%,Synthetic (SF),0.4897,0.3188,0.1063,0.4897,0.7983147330903089,0.9312434045478056,0.6751123881211486
CFFair,SF_Large_Sample_Size_Dataset_Linear_ReLU_50%_10_base_nodes_u_1p0_seed_3_8_nodes_full_data.csv,3,6,10,10000,0.9546,0.8774,0.9345,0.8118,0.8688,0.1734,1.4991,0.0799,0.5208,0.3474,Large,10,1.0,3,8,Linear_ReLU_50%,Synthetic (SF),0.3329330931892469,0.1734,0.0799,0.3329330931892469,0.8382418381212856,0.8798386306012534,0.7854807751701646
CFFair,SF_Large_Sample_Size_Dataset_Linear_ReLU_50%_10_base_nodes_u_1p0_seed_4_8_nodes_full_data.csv,3,6,10,10000,0.9909,0.9521,0.961,0.9424,0.9516,0.1391,1.3306,0.0275,0.5599,0.4208,Large,10,1.0,4,8,Linear_ReLU_50%,Synthetic (SF),0.2484593416503833,0.1391,0.0275,0.2484593416503833,0.8965006733196741,0.9564280561909009,0.8398831754385825
CFFair,SF_Large_Sample_Size_Dataset_Linear_ReLU_50%_10_base_nodes_u_1p0_seed_5_8_nodes_full_data.csv,3,6,10,10000,0.9909,0.9458,0.9665,0.9236,0.9445,0.7106,6.8502,0.3016,0.832,0.1215,Large,10,1.0,5,8,Linear_ReLU_50%,Synthetic (SF),0.8540188607631893,0.7106,0.3016,0.8540188607631893,0.6623183165378033,0.9491790711933774,0.40077591184449696
CFFair,SF_Large_Sample_Size_Dataset_Linear_ReLU_50%_10_base_nodes_u_1p0_seed_6_8_nodes_full_data.csv,3,6,10,10000,0.9247,0.8479,0.8816,0.8038,0.8409,0.3591,2.2999,0.265,0.6354,0.2763,Large,10,1.0,6,8,Linear_ReLU_50%,Synthetic (SF),0.5651984868907344,0.3591,0.265,0.5651984868907344,0.7356953786178189,0.8549492561769285,0.5972001188917009
CFFair,SF_Large_Sample_Size_Dataset_Linear_ReLU_50%_10_base_nodes_u_1p0_seed_7_8_nodes_full_data.csv,3,6,10,10000,0.9725,0.907,0.9564,0.8529,0.9017,0.0805,1.1986,0.0162,0.486,0.4054,Large,10,1.0,7,8,Linear_ReLU_50%,Synthetic (SF),0.16569330886033717,0.0805,0.0162,0.16569330886033717,0.9035021649182366,0.9087284500745177,0.8954661171593036
CFFair,SF_Large_Sample_Size_Dataset_Linear_ReLU_50%_10_base_nodes_u_1p0_seed_8_8_nodes_full_data.csv,3,6,10,10000,0.983,0.9347,0.9291,0.9411,0.9351,0.0682,1.1444,0.0095,0.5404,0.4722,Large,10,1.0,8,8,Linear_ReLU_50%,Synthetic (SF),0.12617965746242576,0.0682,0.0095,0.12617965746242576,0.9317859577793761,0.9414527035983681,0.9183353401733642
CFFair,SF_Large_Sample_Size_Dataset_Linear_ReLU_50%_10_base_nodes_u_1p0_seed_9_8_nodes_full_data.csv,3,6,10,10000,0.9612,0.9021,0.8967,0.9089,0.9028,0.318,0.5221,0.1067,0.3473,0.6653,Large,10,1.0,9,8,Linear_ReLU_50%,Synthetic (SF),0.4779,0.318,0.1067,0.4779,0.7949657085008432,0.9114227695607268,0.6797404520006877
CFFair,SF_Large_Sample_Size_Dataset_Linear_ReLU_50%_10_base_nodes_u_2p0_seed_0_8_nodes_full_data.csv,3,6,20,10000,0.9569,0.8887,0.8817,0.8978,0.8897,0.1452,0.7502,0.0422,0.4361,0.5813,Large,10,2.0,0,8,Linear_ReLU_50%,Synthetic (SF),0.24980000000000002,0.1452,0.0422,0.24980000000000002,0.8717713852206839,0.8995767247296759,0.8358534431563079
CFFair,SF_Large_Sample_Size_Dataset_Linear_ReLU_50%_10_base_nodes_u_2p0_seed_1_8_nodes_full_data.csv,3,6,20,10000,0.9219,0.8263,0.7974,0.8749,0.8344,0.4531,0.4151,0.3174,0.3215,0.7747,Large,10,2.0,1,8,Linear_ReLU_50%,Synthetic (SF),0.5849,0.4531,0.3174,0.5849,0.7091207805672047,0.8459451943193451,0.5459864726516301
CFFair,SF_Large_Sample_Size_Dataset_Linear_ReLU_50%_10_base_nodes_u_2p0_seed_2_8_nodes_full_data.csv,3,6,20,10000,0.7598,0.6997,0.7476,0.6029,0.6675,0.3411,0.4051,0.3691,0.2323,0.5734,Large,10,2.0,2,8,Linear_ReLU_50%,Synthetic (SF),0.5949,0.3411,0.3691,0.5949,0.639926817416852,0.6925574721166008,0.5617272701419195
CFFair,SF_Large_Sample_Size_Dataset_Linear_ReLU_50%_10_base_nodes_u_2p0_seed_3_8_nodes_full_data.csv,3,6,20,10000,0.8955,0.8118,0.8788,0.7233,0.7935,0.2667,1.9585,0.2455,0.5449,0.2782,Large,10,2.0,3,8,Linear_ReLU_50%,Synthetic (SF),0.4894051570079142,0.2667,0.2455,0.4894051570079142,0.7459901683062509,0.8125368714115292,0.6575638421060455
CFFair,SF_Large_Sample_Size_Dataset_Linear_ReLU_50%_10_base_nodes_u_2p0_seed_4_8_nodes_full_data.csv,3,6,20,10000,0.9928,0.9582,0.9625,0.9536,0.958,0.1671,0.7115,0.0039,0.4121,0.5791,Large,10,2.0,4,8,Linear_ReLU_50%,Synthetic (SF),0.2885,0.1671,0.0039,0.2885,0.8838480742617473,0.9623658690008379,0.816197398871651
CFFair,SF_Large_Sample_Size_Dataset_Linear_ReLU_50%_10_base_nodes_u_2p0_seed_5_8_nodes_full_data.csv,3,6,20,10000,0.9935,0.955,0.9517,0.9587,0.9552,0.1661,1.3943,0.0155,0.5872,0.4212,Large,10,2.0,5,8,Linear_ReLU_50%,Synthetic (SF),0.2827942336656387,0.1661,0.0155,0.2827942336656387,0.88463115433947,0.9598483396720309,0.8180461243030687
CFFair,SF_Large_Sample_Size_Dataset_Linear_ReLU_50%_10_base_nodes_u_2p0_seed_6_8_nodes_full_data.csv,3,6,20,10000,0.9714,0.9093,0.8985,0.9229,0.9105,0.3453,2.013,0.0708,0.6862,0.3409,Large,10,2.0,6,8,Linear_ReLU_50%,Synthetic (SF),0.5032290114257327,0.3453,0.0708,0.5032290114257327,0.7897701559206007,0.9187540267560963,0.6687691272627388
CFFair,SF_Large_Sample_Size_Dataset_Linear_ReLU_50%_10_base_nodes_u_2p0_seed_7_8_nodes_full_data.csv,3,6,20,10000,0.9897,0.9461,0.9549,0.9364,0.9456,0.1316,1.3098,0.0212,0.5561,0.4246,Large,10,2.0,7,8,Linear_ReLU_50%,Synthetic (SF),0.23652466025347385,0.1316,0.0212,0.23652466025347385,0.899384104656106,0.951095369244196,0.8480226013509854
CFFair,SF_Large_Sample_Size_Dataset_Linear_ReLU_50%_10_base_nodes_u_2p0_seed_8_8_nodes_full_data.csv,3,6,20,10000,0.8514,0.765,0.738,0.8218,0.7776,0.0657,0.8886,0.0291,0.5239,0.5896,Large,10,2.0,8,8,Linear_ReLU_50%,Synthetic (SF),0.11140000000000005,0.0657,0.0291,0.11140000000000005,0.8288503671008782,0.7878995107946826,0.9241024134900592
CFFair,SF_Large_Sample_Size_Dataset_Linear_ReLU_50%_10_base_nodes_u_2p0_seed_9_8_nodes_full_data.csv,3,6,20,10000,0.9741,0.9146,0.9197,0.9084,0.914,0.3855,2.2785,0.1044,0.6871,0.3016,Large,10,2.0,9,8,Linear_ReLU_50%,Synthetic (SF),0.5611147684880404,0.3855,0.1044,0.5611147684880404,0.7701419221156312,0.9226088176444548,0.62975128555543
CFFair,SF_Large_Sample_Size_Dataset_Linear_ReLU_50%_20_base_nodes_u_0p5_seed_0_18_nodes_full_data.csv,3,16,10,20000,0.9696,0.9061,0.9279,0.8806,0.9037,0.5336,3.5698,0.2796,0.7412,0.2076,Large,20,0.5,0,18,Linear_ReLU_50%,Synthetic (SF),0.7198722617513587,0.5336,0.2796,0.7198722617513587,0.7004723605588792,0.9127893490921221,0.49024677569613856
CFFair,SF_Large_Sample_Size_Dataset_Linear_ReLU_50%_20_base_nodes_u_0p5_seed_1_18_nodes_full_data.csv,3,16,10,20000,0.9897,0.946,0.9426,0.9498,0.9462,0.4967,0.3393,0.0517,0.2551,0.7519,Large,20,0.5,1,18,Linear_ReLU_50%,Synthetic (SF),0.6607000000000001,0.4967,0.0517,0.6607000000000001,0.742951629649512,0.9517287425223662,0.5761799494261559
CFFair,SF_Large_Sample_Size_Dataset_Linear_ReLU_50%_20_base_nodes_u_0p5_seed_2_18_nodes_full_data.csv,3,16,10,20000,0.9958,0.9663,0.9602,0.9728,0.9665,0.1849,1.4462,0.0117,0.5991,0.4143,Large,20,0.5,2,18,Linear_ReLU_50%,Synthetic (SF),0.30853270640298713,0.1849,0.0117,0.30853270640298713,0.877227271428286,0.9697528159361128,0.8017871733782626
CFFair,SF_Large_Sample_Size_Dataset_Linear_ReLU_50%_20_base_nodes_u_0p5_seed_3_18_nodes_full_data.csv,3,16,10,20000,0.9784,0.9283,0.9487,0.9056,0.9266,0.5985,0.2289,0.2258,0.1777,0.7762,Large,20,0.5,3,18,Linear_ReLU_50%,Synthetic (SF),0.7711,0.5985,0.2258,0.7711,0.6926140455713934,0.9331939921203677,0.4736717591777506
CFFair,SF_Large_Sample_Size_Dataset_Linear_ReLU_50%_20_base_nodes_u_0p5_seed_4_18_nodes_full_data.csv,3,16,10,20000,0.7637,0.6581,0.6128,0.8587,0.7152,0.1481,0.8088,0.1122,0.6266,0.7747,Large,20,0.5,4,18,Linear_ReLU_50%,Synthetic (SF),0.19120000000000004,0.1481,0.1122,0.19120000000000004,0.7571306405511786,0.7139922649407989,0.846693084580495
CFFair,SF_Large_Sample_Size_Dataset_Linear_ReLU_50%_20_base_nodes_u_0p5_seed_5_18_nodes_full_data.csv,3,16,10,20000,0.9001,0.8343,0.8799,0.7742,0.8237,0.4874,3.4867,0.4329,0.6834,0.196,Large,20,0.5,5,18,Linear_ReLU_50%,Synthetic (SF),0.7131958585481974,0.4874,0.4329,0.7131958585481974,0.665483129039912,0.8375175780777951,0.4579940698643906
CFFair,SF_Large_Sample_Size_Dataset_Linear_ReLU_50%_20_base_nodes_u_0p5_seed_6_18_nodes_full_data.csv,3,16,10,20000,0.969,0.8899,0.8379,0.9669,0.8978,0.4327,0.4547,0.0029,0.3608,0.7935,Large,20,0.5,6,18,Linear_ReLU_50%,Synthetic (SF),0.5453,0.4327,0.0029,0.5453,0.7653484318643864,0.9005519865901017,0.6393394425105642
CFFair,SF_Large_Sample_Size_Dataset_Linear_ReLU_50%_20_base_nodes_u_0p5_seed_7_18_nodes_full_data.csv,3,16,10,20000,0.9961,0.9709,0.9718,0.97,0.9709,0.5256,3.2312,0.0335,0.7612,0.2356,Large,20,0.5,7,18,Linear_ReLU_50%,Synthetic (SF),0.6905174548155484,0.5256,0.0335,0.6905174548155484,0.738108420795944,0.9739618672590861,0.5633095851007854
CFFair,SF_Large_Sample_Size_Dataset_Linear_ReLU_50%_20_base_nodes_u_0p5_seed_8_18_nodes_full_data.csv,3,16,10,20000,0.9927,0.9512,0.9561,0.9458,0.9509,0.4142,0.4098,0.0188,0.2875,0.7018,Large,20,0.5,8,18,Linear_ReLU_50%,Synthetic (SF),0.5902000000000001,0.4142,0.0188,0.5902000000000001,0.7720156540434072,0.9560872951692598,0.6273023693029192
CFFair,SF_Large_Sample_Size_Dataset_Linear_ReLU_50%_20_base_nodes_u_0p5_seed_9_18_nodes_full_data.csv,3,16,10,20000,0.987,0.9548,0.9705,0.9381,0.954,0.5558,0.2696,0.0428,0.2051,0.761,Large,20,0.5,9,18,Linear_ReLU_50%,Synthetic (SF),0.7303999999999999,0.5558,0.0428,0.7303999999999999,0.7228463330118471,0.9576522502319321,0.542411671740464
CFFair,SF_Large_Sample_Size_Dataset_Linear_ReLU_50%_20_base_nodes_u_1p0_seed_0_18_nodes_full_data.csv,3,16,20,20000,0.9869,0.9398,0.9288,0.9526,0.9406,0.0799,0.8555,0.0036,0.4729,0.5528,Large,20,1.0,0,18,Linear_ReLU_50%,Synthetic (SF),0.14449999999999996,0.0799,0.0036,0.14449999999999996,0.9285680191369108,0.9461075789715487,0.9066205793806799
CFFair,SF_Large_Sample_Size_Dataset_Linear_ReLU_50%_20_base_nodes_u_1p0_seed_1_18_nodes_full_data.csv,3,16,20,20000,0.9838,0.9429,0.9565,0.9281,0.9421,0.2962,1.8793,0.0654,0.6332,0.3369,Large,20,1.0,1,18,Linear_ReLU_50%,Synthetic (SF),0.4678869791943808,0.2962,0.0654,0.4678869791943808,0.8133972206402026,0.947396611570727,0.6974267296891601
CFFair,SF_Large_Sample_Size_Dataset_Linear_ReLU_50%_20_base_nodes_u_1p0_seed_2_18_nodes_full_data.csv,3,16,20,20000,0.9726,0.9082,0.9068,0.91,0.9084,0.3898,0.4405,0.145,0.3068,0.6966,Large,20,1.0,2,18,Linear_ReLU_50%,Synthetic (SF),0.5595,0.3898,0.145,0.5595,0.7654778292433388,0.9174759973510803,0.6203298447940199
CFFair,SF_Large_Sample_Size_Dataset_Linear_ReLU_50%_20_base_nodes_u_1p0_seed_3_18_nodes_full_data.csv,3,16,20,20000,0.9524,0.8961,0.8968,0.8951,0.8959,0.2168,0.6431,0.0867,0.3907,0.6075,Large,20,1.0,3,18,Linear_ReLU_50%,Synthetic (SF),0.3569,0.2168,0.0867,0.3569,0.8367937101974793,0.9048360271502806,0.761830418784923
CFFair,SF_Large_Sample_Size_Dataset_Linear_ReLU_50%_20_base_nodes_u_1p0_seed_4_18_nodes_full_data.csv,3,16,20,20000,0.999,0.9821,0.9874,0.9765,0.982,0.621,4.3719,0.071,0.8052,0.1842,Large,20,1.0,4,18,Linear_ReLU_50%,Synthetic (SF),0.7712664974038748,0.621,0.071,0.7712664974038748,0.7099805444507056,0.9835605368993415,0.5089862407429394
CFFair,SF_Large_Sample_Size_Dataset_Linear_ReLU_50%_20_base_nodes_u_1p0_seed_5_18_nodes_full_data.csv,3,16,20,20000,0.9707,0.9056,0.8879,0.9285,0.9077,0.3101,1.8422,0.032,0.6783,0.3682,Large,20,1.0,5,18,Linear_ReLU_50%,Synthetic (SF),0.45717077407447615,0.3101,0.032,0.45717077407447615,0.8065062192324531,0.9156350568714141,0.7025210381491954
CFFair,SF_Large_Sample_Size_Dataset_Linear_ReLU_50%_20_base_nodes_u_1p0_seed_6_18_nodes_full_data.csv,3,16,20,20000,0.9953,0.9589,0.9423,0.9777,0.9597,0.3749,2.1307,0.0174,0.7064,0.3315,Large,20,1.0,6,18,Linear_ReLU_50%,Synthetic (SF),0.5306706716102689,0.3749,0.0174,0.5306706716102689,0.7922973852978579,0.9623337049129543,0.6589090134806126
CFFair,SF_Large_Sample_Size_Dataset_Linear_ReLU_50%_20_base_nodes_u_1p0_seed_7_18_nodes_full_data.csv,3,16,20,20000,0.9913,0.9484,0.9622,0.9335,0.9476,0.2163,0.6356,0.0426,0.3772,0.5934,Large,20,1.0,7,18,Linear_ReLU_50%,Synthetic (SF),0.36439999999999995,0.2163,0.0426,0.36439999999999995,0.853220137967943,0.9525959908268696,0.7655869029826374
CFFair,SF_Large_Sample_Size_Dataset_Linear_ReLU_50%_20_base_nodes_u_1p0_seed_8_18_nodes_full_data.csv,3,16,20,20000,0.9928,0.9515,0.9552,0.9475,0.9513,0.0695,0.8691,0.0339,0.4613,0.5308,Large,20,1.0,8,18,Linear_ReLU_50%,Synthetic (SF),0.13090000000000002,0.0695,0.0339,0.13090000000000002,0.9367430892877936,0.9564731462541286,0.9131393668442622
CFFair,SF_Large_Sample_Size_Dataset_Linear_ReLU_50%_20_base_nodes_u_1p0_seed_9_18_nodes_full_data.csv,3,16,20,20000,0.9826,0.9348,0.958,0.9096,0.9332,0.0566,0.8874,0.0646,0.4464,0.5031,Large,20,1.0,9,18,Linear_ReLU_50%,Synthetic (SF),0.11260000000000003,0.0566,0.0646,0.11260000000000003,0.9305721042293346,0.9387721523268493,0.9185759822389209
CFFair,SF_Large_Sample_Size_Dataset_Linear_ReLU_50%_20_base_nodes_u_2p0_seed_0_18_nodes_full_data.csv,3,16,40,20000,0.9909,0.9484,0.9538,0.9424,0.9481,0.4269,2.521,0.0772,0.7076,0.2807,Large,20,2.0,0,18,Linear_ReLU_50%,Synthetic (SF),0.6033320111067036,0.4269,0.0772,0.6033320111067036,0.7642149104989342,0.9534935684982518,0.6087963104922487
CFFair,SF_Large_Sample_Size_Dataset_Linear_ReLU_50%_20_base_nodes_u_2p0_seed_1_18_nodes_full_data.csv,3,16,40,20000,0.7704,0.6962,0.6807,0.7392,0.7087,0.0143,0.974,0.0106,0.5358,0.5501,Large,20,2.0,1,18,Linear_ReLU_50%,Synthetic (SF),0.026000000000000023,0.0143,0.0106,0.026000000000000023,0.7872659211350058,0.7179317643881752,0.9818306310173922
CFFair,SF_Large_Sample_Size_Dataset_Linear_ReLU_50%_20_base_nodes_u_2p0_seed_2_18_nodes_full_data.csv,3,16,40,20000,0.9981,0.975,0.9825,0.9673,0.9748,0.078,0.8533,0.0057,0.4534,0.5313,Large,20,2.0,2,18,Linear_ReLU_50%,Synthetic (SF),0.14670000000000005,0.078,0.0057,0.14670000000000005,0.9397466254638083,0.9770841793600369,0.9059902728346798
CFFair,SF_Large_Sample_Size_Dataset_Linear_ReLU_50%_20_base_nodes_u_2p0_seed_3_18_nodes_full_data.csv,3,16,40,20000,0.9823,0.9281,0.9435,0.9107,0.9268,0.172,1.4335,0.0623,0.5687,0.3967,Large,20,2.0,3,18,Linear_ReLU_50%,Synthetic (SF),0.30240669689570976,0.172,0.0623,0.30240669689570976,0.8689210354018301,0.9339817497953546,0.8020801702429742
CFFair,SF_Large_Sample_Size_Dataset_Linear_ReLU_50%_20_base_nodes_u_2p0_seed_4_18_nodes_full_data.csv,3,16,40,20000,0.9982,0.9761,0.98,0.9719,0.976,0.6895,5.5707,0.0872,0.8403,0.1508,Large,20,2.0,4,18,Linear_ReLU_50%,Synthetic (SF),0.8204893460426876,0.6895,0.0872,0.8204893460426876,0.6905357617947394,0.9784121196780758,0.47700842350993794
CFFair,SF_Large_Sample_Size_Dataset_Linear_ReLU_50%_20_base_nodes_u_2p0_seed_5_18_nodes_full_data.csv,3,16,40,20000,0.9992,0.9853,0.9903,0.9801,0.9852,0.3941,2.3217,0.035,0.6923,0.2982,Large,20,2.0,5,18,Linear_ReLU_50%,Synthetic (SF),0.5692811302063143,0.3941,0.035,0.5692811302063143,0.78427951119298,0.986414536302703,0.6372992557467991
CFFair,SF_Large_Sample_Size_Dataset_Linear_ReLU_50%_20_base_nodes_u_2p0_seed_6_18_nodes_full_data.csv,3,16,40,20000,0.9651,0.9109,0.932,0.8865,0.9087,0.5782,0.2438,0.268,0.1864,0.7646,Large,20,2.0,6,18,Linear_ReLU_50%,Synthetic (SF),0.7562,0.5782,0.268,0.7562,0.689916293815005,0.9167256661907096,0.47066149449412115
CFFair,SF_Large_Sample_Size_Dataset_Linear_ReLU_50%_20_base_nodes_u_2p0_seed_7_18_nodes_full_data.csv,3,16,40,20000,0.9671,0.9232,0.9311,0.914,0.9224,0.6309,4.5978,0.2894,0.8063,0.1754,Large,20,2.0,7,18,Linear_ReLU_50%,Synthetic (SF),0.7825046761494628,0.6309,0.2894,0.7825046761494628,0.6794632817797194,0.9292719273164275,0.44235924403819
CFFair,SF_Large_Sample_Size_Dataset_Linear_ReLU_50%_20_base_nodes_u_2p0_seed_8_18_nodes_full_data.csv,3,16,40,20000,0.9982,0.9761,0.9764,0.9757,0.976,0.1673,1.4022,0.0114,0.5831,0.4159,Large,20,2.0,8,18,Linear_ReLU_50%,Synthetic (SF),0.286834973612894,0.1673,0.0114,0.286834973612894,0.8873081367407876,0.978604073452602,0.816282171489149
CFFair,SF_Large_Sample_Size_Dataset_Linear_ReLU_50%_20_base_nodes_u_2p0_seed_9_18_nodes_full_data.csv,3,16,40,20000,0.9733,0.9129,0.9247,0.8989,0.9117,0.3748,2.2551,0.1359,0.6733,0.2986,Large,20,2.0,9,18,Linear_ReLU_50%,Synthetic (SF),0.5565606846703028,0.3748,0.1359,0.5565606846703028,0.7699598107654166,0.9203854572171553,0.6278610519701829
CLAIRE,SF_Large_Sample_Size_Dataset_Linear_ReLU_50%_10_base_nodes_u_0p5_seed_0_8_nodes_full_data.csv,3,6,5,10000,0.7792,0.7052,0.713,0.6869,0.6997,0.4956,3.1193,0.3149,0.7294,0.2338,Large,10,0.5,0,8,Linear_ReLU_50%,Synthetic (SF),0.6794152534222422,0.4956,0.3149,0.6794152534222422,0.6261207446011423,0.7156900893096266,0.5030880241724959
CLAIRE,SF_Large_Sample_Size_Dataset_Linear_ReLU_50%_10_base_nodes_u_0p5_seed_1_8_nodes_full_data.csv,3,6,5,10000,0.8568,0.7783,0.76,0.8136,0.7859,0.4292,2.3323,0.0645,0.7513,0.3222,Large,10,0.5,1,8,Linear_ReLU_50%,Synthetic (SF),0.5712386914204862,0.4292,0.0645,0.5712386914204862,0.7157651697033249,0.7968309293185768,0.6212553093994753
CLAIRE,SF_Large_Sample_Size_Dataset_Linear_ReLU_50%_10_base_nodes_u_0p5_seed_2_8_nodes_full_data.csv,3,6,5,10000,0.9946,0.9536,0.9703,0.9358,0.9527,0.5377,3.5161,0.1237,0.7514,0.2137,Large,10,0.5,2,8,Linear_ReLU_50%,Synthetic (SF),0.7155939819686584,0.5377,0.1237,0.7155939819686584,0.7240470033344275,0.9568044329699033,0.5328731314101575
CLAIRE,SF_Large_Sample_Size_Dataset_Linear_ReLU_50%_10_base_nodes_u_0p5_seed_3_8_nodes_full_data.csv,3,6,5,10000,0.9959,0.9626,0.9666,0.9582,0.9624,0.6986,0.1749,0.0908,0.1481,0.8468,Large,10,0.5,3,8,Linear_ReLU_50%,Synthetic (SF),0.8251,0.6986,0.0908,0.8251,0.6859970624878584,0.9663595640677993,0.4729821069850486
CLAIRE,SF_Large_Sample_Size_Dataset_Linear_ReLU_50%_10_base_nodes_u_0p5_seed_4_8_nodes_full_data.csv,3,6,5,10000,0.9416,0.8809,0.9668,0.7889,0.8688,0.0281,1.0712,0.0101,0.422,0.3939,Large,10,0.5,4,8,Linear_ReLU_50%,Synthetic (SF),0.06646751306945475,0.0281,0.0101,0.06646751306945475,0.8988258652007902,0.8754308506233663,0.9582422048454213
CLAIRE,SF_Large_Sample_Size_Dataset_Linear_ReLU_50%_10_base_nodes_u_0p5_seed_5_8_nodes_full_data.csv,3,6,5,10000,0.9918,0.9507,0.9568,0.944,0.9503,0.5729,0.2661,0.081,0.2077,0.7805,Large,10,0.5,5,8,Linear_ReLU_50%,Synthetic (SF),0.7339,0.5729,0.081,0.7339,0.7174412483347421,0.9555025179046371,0.5285530776841012
CLAIRE,SF_Large_Sample_Size_Dataset_Linear_ReLU_50%_10_base_nodes_u_0p5_seed_6_8_nodes_full_data.csv,3,6,5,10000,0.6278,0.5536,0.5358,0.8013,0.6422,0.0282,1.0385,0.0642,0.7619,0.7336,Large,10,0.5,6,8,Linear_ReLU_50%,Synthetic (SF),0.03707270101107363,0.0282,0.0642,0.03707270101107363,0.7196195594336191,0.6273149694494863,0.9543320179589002
CLAIRE,SF_Large_Sample_Size_Dataset_Linear_ReLU_50%_10_base_nodes_u_0p5_seed_7_8_nodes_full_data.csv,3,6,5,10000,0.9732,0.9143,0.9407,0.8844,0.9117,0.5569,3.8908,0.2361,0.7496,0.1926,Large,10,0.5,7,8,Linear_ReLU_50%,Synthetic (SF),0.7429834481340598,0.5569,0.2361,0.7429834481340598,0.6990114475560997,0.9195848633984465,0.4897954565454617
CLAIRE,SF_Large_Sample_Size_Dataset_Linear_ReLU_50%_10_base_nodes_u_0p5_seed_8_8_nodes_full_data.csv,3,6,5,10000,0.9301,0.8544,0.8333,0.8862,0.8589,0.4623,2.5363,0.1499,0.7632,0.3009,Large,10,0.5,8,8,Linear_ReLU_50%,Synthetic (SF),0.6057248748176478,0.4623,0.1499,0.6057248748176478,0.7287617506911048,0.8689381038545816,0.5817992675223598
CLAIRE,SF_Large_Sample_Size_Dataset_Linear_ReLU_50%_10_base_nodes_u_0p5_seed_9_8_nodes_full_data.csv,3,6,5,10000,0.9281,0.8204,0.9442,0.6811,0.7914,0.0299,0.9205,0.0296,0.3457,0.3756,Large,10,0.5,9,8,Linear_ReLU_50%,Synthetic (SF),0.07950000000000002,0.0299,0.0296,0.07950000000000002,0.8502226557165549,0.813111891340807,0.9483730777552558
CLAIRE,SF_Large_Sample_Size_Dataset_Linear_ReLU_50%_10_base_nodes_u_1p0_seed_0_8_nodes_full_data.csv,3,6,10,10000,0.6548,0.6019,0.5911,0.6613,0.6242,0.1716,0.734,0.1827,0.4733,0.6449,Large,10,1.0,0,8,Linear_ReLU_50%,Synthetic (SF),0.266,0.1716,0.1827,0.266,0.6826376895708595,0.626241865040545,0.7901114079452592
CLAIRE,SF_Large_Sample_Size_Dataset_Linear_ReLU_50%_10_base_nodes_u_1p0_seed_1_8_nodes_full_data.csv,3,6,10,10000,0.968,0.8969,0.8834,0.9144,0.8987,0.4467,0.396,0.1039,0.2929,0.7396,Large,10,1.0,1,8,Linear_ReLU_50%,Synthetic (SF),0.604,0.4467,0.1039,0.604,0.7477705944956703,0.9079282374472027,0.597358926098372
CLAIRE,SF_Large_Sample_Size_Dataset_Linear_ReLU_50%_10_base_nodes_u_1p0_seed_2_8_nodes_full_data.csv,3,6,10,10000,0.9164,0.8337,0.8036,0.8831,0.8415,0.2604,0.6163,0.0591,0.4183,0.6787,Large,10,1.0,2,8,Linear_ReLU_50%,Synthetic (SF),0.38370000000000004,0.2604,0.0591,0.38370000000000004,0.8028408216373155,0.8512589617059175,0.7422458276388959
CLAIRE,SF_Large_Sample_Size_Dataset_Linear_ReLU_50%_10_base_nodes_u_1p0_seed_3_8_nodes_full_data.csv,3,6,10,10000,0.9519,0.8708,0.9055,0.828,0.865,0.0911,1.2213,0.0481,0.5027,0.4116,Large,10,1.0,3,8,Linear_ReLU_50%,Synthetic (SF),0.1812003602718415,0.0911,0.0481,0.1812003602718415,0.8792590764849002,0.8779326937281886,0.8814672962204709
CLAIRE,SF_Large_Sample_Size_Dataset_Linear_ReLU_50%_10_base_nodes_u_1p0_seed_4_8_nodes_full_data.csv,3,6,10,10000,0.9971,0.9722,0.9724,0.972,0.9722,0.1291,1.2966,0.0142,0.5643,0.4352,Large,10,1.0,4,8,Linear_ReLU_50%,Synthetic (SF),0.2287521209316674,0.1291,0.0142,0.2287521209316674,0.9083407089768443,0.9751537248667026,0.8528694228156541
CLAIRE,SF_Large_Sample_Size_Dataset_Linear_ReLU_50%_10_base_nodes_u_1p0_seed_5_8_nodes_full_data.csv,3,6,10,10000,0.933,0.8593,0.9004,0.808,0.8517,0.7419,10.6765,0.5713,0.8185,0.0767,Large,10,1.0,5,8,Linear_ReLU_50%,Synthetic (SF),0.9063363461808646,0.7419,0.5713,0.9063363461808646,0.6007889048579172,0.8646500227213405,0.2809146905281221
CLAIRE,SF_Large_Sample_Size_Dataset_Linear_ReLU_50%_10_base_nodes_u_1p0_seed_6_8_nodes_full_data.csv,3,6,10,10000,0.8592,0.7714,0.7767,0.762,0.7693,0.3533,2.1258,0.2324,0.6672,0.3138,Large,10,1.0,6,8,Linear_ReLU_50%,Synthetic (SF),0.5295888606642205,0.3533,0.2324,0.5295888606642205,0.7147171685201246,0.7855094531909396,0.6205813907873782
CLAIRE,SF_Large_Sample_Size_Dataset_Linear_ReLU_50%_10_base_nodes_u_1p0_seed_7_8_nodes_full_data.csv,3,6,10,10000,0.9713,0.9082,0.9274,0.8858,0.9061,0.0498,1.11,0.061,0.5023,0.4526,Large,10,1.0,7,8,Linear_ReLU_50%,Synthetic (SF),0.0990990990990992,0.0498,0.061,0.0990990990990992,0.9194635492004161,0.9151677744495654,0.9271650343787384
CLAIRE,SF_Large_Sample_Size_Dataset_Linear_ReLU_50%_10_base_nodes_u_1p0_seed_8_8_nodes_full_data.csv,3,6,10,10000,0.8249,0.73,0.728,0.7344,0.7312,0.0283,0.9455,0.0106,0.4904,0.5186,Large,10,1.0,8,8,Linear_ReLU_50%,Synthetic (SF),0.05449999999999999,0.0283,0.0106,0.05449999999999999,0.8065282368286678,0.7478317774808041,0.9642003262469897
CLAIRE,SF_Large_Sample_Size_Dataset_Linear_ReLU_50%_10_base_nodes_u_1p0_seed_9_8_nodes_full_data.csv,3,6,10,10000,0.9817,0.9246,0.9083,0.9444,0.926,0.2957,0.5569,0.0459,0.3716,0.6673,Large,10,1.0,9,8,Linear_ReLU_50%,Synthetic (SF),0.44310000000000005,0.2957,0.0459,0.44310000000000005,0.8164267250411696,0.9325299034971674,0.7101731561189594
CLAIRE,SF_Large_Sample_Size_Dataset_Linear_ReLU_50%_10_base_nodes_u_2p0_seed_0_8_nodes_full_data.csv,3,6,20,10000,0.7626,0.6916,0.6779,0.73,0.703,0.0564,0.9004,0.1096,0.5101,0.5665,Large,10,2.0,0,8,Linear_ReLU_50%,Synthetic (SF),0.09960000000000002,0.0564,0.1096,0.09960000000000002,0.7716414933781852,0.7120800082651461,0.9088029531671566
CLAIRE,SF_Large_Sample_Size_Dataset_Linear_ReLU_50%_10_base_nodes_u_2p0_seed_1_8_nodes_full_data.csv,3,6,20,10000,0.7299,0.6756,0.7147,0.5844,0.643,0.4886,0.2514,0.5495,0.1641,0.6527,Large,10,2.0,1,8,Linear_ReLU_50%,Synthetic (SF),0.7485999999999999,0.4886,0.5495,0.7485999999999999,0.5641540041142243,0.6674537520113609,0.40907821149252105
CLAIRE,SF_Large_Sample_Size_Dataset_Linear_ReLU_50%_10_base_nodes_u_2p0_seed_2_8_nodes_full_data.csv,3,6,20,10000,0.8286,0.7591,0.8599,0.6191,0.7199,0.522,0.1587,0.6061,0.0984,0.6204,Large,10,2.0,2,8,Linear_ReLU_50%,Synthetic (SF),0.8412999999999999,0.522,0.6061,0.8412999999999999,0.5841916983974335,0.7477146249224572,0.3551667595963927
CLAIRE,SF_Large_Sample_Size_Dataset_Linear_ReLU_50%_10_base_nodes_u_2p0_seed_3_8_nodes_full_data.csv,3,6,20,10000,0.9499,0.8747,0.8941,0.85,0.8715,0.1356,1.3326,0.0398,0.5431,0.4076,Large,10,2.0,3,8,Linear_ReLU_50%,Synthetic (SF),0.24958727300015005,0.1356,0.0398,0.24958727300015005,0.8649439242150448,0.8836676897552879,0.8389474877560619
CLAIRE,SF_Large_Sample_Size_Dataset_Linear_ReLU_50%_10_base_nodes_u_2p0_seed_4_8_nodes_full_data.csv,3,6,20,10000,0.9961,0.9662,0.966,0.9664,0.9662,0.1813,0.6933,0.0168,0.4098,0.5912,Large,10,2.0,4,8,Linear_ReLU_50%,Synthetic (SF),0.3067,0.1813,0.0168,0.3067,0.878137951773615,0.9697944206992588,0.8031464238892038
CLAIRE,SF_Large_Sample_Size_Dataset_Linear_ReLU_50%_10_base_nodes_u_2p0_seed_5_8_nodes_full_data.csv,3,6,20,10000,0.9779,0.9178,0.9508,0.8811,0.9146,0.1346,1.3396,0.0052,0.5311,0.3965,Large,10,2.0,5,8,Linear_ReLU_50%,Synthetic (SF),0.2535085100029859,0.1346,0.0052,0.2535085100029859,0.8841504294815848,0.9217553961835852,0.8407151683422567
CLAIRE,SF_Large_Sample_Size_Dataset_Linear_ReLU_50%_10_base_nodes_u_2p0_seed_6_8_nodes_full_data.csv,3,6,20,10000,0.7421,0.6692,0.6563,0.7107,0.6824,0.2278,1.5327,0.1079,0.6553,0.4276,Large,10,2.0,6,8,Linear_ReLU_50%,Synthetic (SF),0.3475565994649964,0.2278,0.1079,0.3475565994649964,0.7160961835278089,0.6912885198653123,0.7584737244810632
CLAIRE,SF_Large_Sample_Size_Dataset_Linear_ReLU_50%_10_base_nodes_u_2p0_seed_7_8_nodes_full_data.csv,3,6,20,10000,0.9841,0.9323,0.9419,0.9216,0.9316,0.0813,1.1813,0.0213,0.5299,0.4486,Large,10,2.0,7,8,Linear_ReLU_50%,Synthetic (SF),0.15347498518581226,0.0813,0.0213,0.15347498518581226,0.9221164173272186,0.938557733084988,0.9006895459326325
CLAIRE,SF_Large_Sample_Size_Dataset_Linear_ReLU_50%_10_base_nodes_u_2p0_seed_8_8_nodes_full_data.csv,3,6,20,10000,0.8549,0.756,0.7208,0.8358,0.774,0.0689,0.8878,0.0666,0.5453,0.6142,Large,10,2.0,8,8,Linear_ReLU_50%,Synthetic (SF),0.11219999999999997,0.0689,0.0666,0.11219999999999997,0.8237822429085228,0.784076608244881,0.9150539199273592
CLAIRE,SF_Large_Sample_Size_Dataset_Linear_ReLU_50%_10_base_nodes_u_2p0_seed_9_8_nodes_full_data.csv,3,6,20,10000,0.9504,0.8961,0.9152,0.8731,0.8937,0.4552,2.8217,0.2025,0.7051,0.2499,Large,10,2.0,9,8,Linear_ReLU_50%,Synthetic (SF),0.6456037140730765,0.4552,0.2025,0.6456037140730765,0.7290907175848517,0.902553958879245,0.5578287836496008
CLAIRE,SF_Large_Sample_Size_Dataset_Linear_ReLU_50%_20_base_nodes_u_0p5_seed_0_18_nodes_full_data.csv,3,16,10,20000,0.9767,0.9218,0.9649,0.8756,0.9181,0.6068,5.0382,0.4105,0.757,0.1503,Large,20,0.5,0,18,Linear_ReLU_50%,Synthetic (SF),0.8015164145925132,0.6068,0.4105,0.8015164145925132,0.6677836912048877,0.923189357043165,0.40393647011801403
CLAIRE,SF_Large_Sample_Size_Dataset_Linear_ReLU_50%_20_base_nodes_u_0p5_seed_1_18_nodes_full_data.csv,3,16,10,20000,0.9689,0.9012,0.8918,0.9132,0.9024,0.4941,0.3488,0.1352,0.2646,0.7587,Large,20,0.5,1,18,Linear_ReLU_50%,Synthetic (SF),0.6512,0.4941,0.1352,0.6512,0.7302431225801838,0.9115465238549364,0.5614860332862915
CLAIRE,SF_Large_Sample_Size_Dataset_Linear_ReLU_50%_20_base_nodes_u_0p5_seed_2_18_nodes_full_data.csv,3,16,10,20000,0.9886,0.9422,0.9365,0.9487,0.9426,0.1532,1.3562,0.0163,0.5832,0.43,Large,20,0.5,2,18,Linear_ReLU_50%,Synthetic (SF),0.262645627488571,0.1532,0.0163,0.262645627488571,0.8886377644754656,0.9483670313674154,0.8305796403668003
CLAIRE,SF_Large_Sample_Size_Dataset_Linear_ReLU_50%_20_base_nodes_u_0p5_seed_3_18_nodes_full_data.csv,3,16,10,20000,0.9907,0.9385,0.9063,0.9781,0.9408,0.5012,0.3655,0.0036,0.2888,0.7899,Large,20,0.5,3,18,Linear_ReLU_50%,Synthetic (SF),0.6345000000000001,0.5012,0.0036,0.6345000000000001,0.7478998609753564,0.9428403920377495,0.5918877181444225
CLAIRE,SF_Large_Sample_Size_Dataset_Linear_ReLU_50%_20_base_nodes_u_0p5_seed_4_18_nodes_full_data.csv,3,16,10,20000,0.8593,0.7921,0.83,0.7345,0.7794,0.1863,0.6521,0.1465,0.3492,0.5355,Large,20,0.5,4,18,Linear_ReLU_50%,Synthetic (SF),0.3479,0.1863,0.1465,0.3479,0.7823613714303823,0.7956965053452466,0.7619663084129685
CLAIRE,SF_Large_Sample_Size_Dataset_Linear_ReLU_50%_20_base_nodes_u_0p5_seed_5_18_nodes_full_data.csv,3,16,10,20000,0.8929,0.8249,0.8625,0.7732,0.8154,0.5111,3.656,0.4348,0.7035,0.1924,Large,20,0.5,5,18,Linear_ReLU_50%,Synthetic (SF),0.7264770240700219,0.5111,0.4348,0.7264770240700219,0.6567689984517773,0.8298166372415205,0.4458844535898114
CLAIRE,SF_Large_Sample_Size_Dataset_Linear_ReLU_50%_20_base_nodes_u_0p5_seed_6_18_nodes_full_data.csv,3,16,10,20000,0.9952,0.9662,0.9728,0.9592,0.9659,0.5358,0.296,0.0765,0.2253,0.7611,Large,20,0.5,6,18,Linear_ReLU_50%,Synthetic (SF),0.704,0.5358,0.0765,0.704,0.731354419389977,0.9693169015703453,0.5476650697750581
CLAIRE,SF_Large_Sample_Size_Dataset_Linear_ReLU_50%_20_base_nodes_u_0p5_seed_7_18_nodes_full_data.csv,3,16,10,20000,0.9965,0.9663,0.9556,0.9781,0.9667,0.5348,3.1945,0.0371,0.7785,0.2437,Large,20,0.5,7,18,Linear_ReLU_50%,Synthetic (SF),0.6869619658788543,0.5348,0.0371,0.6869619658788543,0.7365637603251226,0.9694198583803596,0.5611594332938622
CLAIRE,SF_Large_Sample_Size_Dataset_Linear_ReLU_50%_20_base_nodes_u_0p5_seed_8_18_nodes_full_data.csv,3,16,10,20000,0.9947,0.9597,0.9579,0.9617,0.9598,0.4599,0.3717,0.0555,0.2721,0.732,Large,20,0.5,8,18,Linear_ReLU_50%,Synthetic (SF),0.6283000000000001,0.4599,0.0555,0.6283000000000001,0.7572978243748096,0.9640293198890034,0.595617041685149
CLAIRE,SF_Large_Sample_Size_Dataset_Linear_ReLU_50%_20_base_nodes_u_0p5_seed_9_18_nodes_full_data.csv,3,16,10,20000,0.9936,0.9611,0.9686,0.9532,0.9608,0.6084,0.2356,0.114,0.1875,0.796,Large,20,0.5,9,18,Linear_ReLU_50%,Synthetic (SF),0.7644,0.6084,0.114,0.7644,0.7070969174931678,0.9647012062875445,0.5033652539614911
CLAIRE,SF_Large_Sample_Size_Dataset_Linear_ReLU_50%_20_base_nodes_u_1p0_seed_0_18_nodes_full_data.csv,3,16,20,20000,0.8743,0.7836,0.8288,0.7148,0.7676,0.058,0.8739,0.0122,0.4022,0.4603,Large,20,1.0,0,18,Linear_ReLU_50%,Synthetic (SF),0.1261,0.058,0.0122,0.1261,0.8289285242330257,0.78866930498887,0.9208363413822019
CLAIRE,SF_Large_Sample_Size_Dataset_Linear_ReLU_50%_20_base_nodes_u_1p0_seed_1_18_nodes_full_data.csv,3,16,20,20000,0.9364,0.8647,0.8607,0.8703,0.8655,0.3667,2.1387,0.1821,0.6888,0.3221,Large,20,1.0,1,18,Linear_ReLU_50%,Synthetic (SF),0.5324262402393978,0.3667,0.1821,0.5324262402393978,0.7576909543694129,0.8766416472005147,0.6282752464941596
CLAIRE,SF_Large_Sample_Size_Dataset_Linear_ReLU_50%_20_base_nodes_u_1p0_seed_2_18_nodes_full_data.csv,3,16,20,20000,0.9306,0.8595,0.9062,0.8021,0.851,0.5301,0.2508,0.4298,0.1774,0.7076,Large,20,1.0,2,18,Linear_ReLU_50%,Synthetic (SF),0.7492,0.5301,0.4298,0.7492,0.6645467331030821,0.8635460299397377,0.4350092409946588
CLAIRE,SF_Large_Sample_Size_Dataset_Linear_ReLU_50%_20_base_nodes_u_1p0_seed_3_18_nodes_full_data.csv,3,16,20,20000,0.9713,0.9165,0.9625,0.8667,0.9121,0.2047,0.6296,0.0847,0.348,0.5527,Large,20,1.0,3,18,Linear_ReLU_50%,Synthetic (SF),0.37039999999999995,0.2047,0.0847,0.37039999999999995,0.8407565559609212,0.917512914943443,0.7599401504659637
CLAIRE,SF_Large_Sample_Size_Dataset_Linear_ReLU_50%_20_base_nodes_u_1p0_seed_4_18_nodes_full_data.csv,3,16,20,20000,0.9921,0.9492,0.969,0.928,0.9481,0.6222,4.7039,0.1735,0.7902,0.168,Large,20,1.0,4,18,Linear_ReLU_50%,Synthetic (SF),0.7874104466506515,0.6222,0.1735,0.7874104466506515,0.6951915625314616,0.9523395106295338,0.47818226199492153
CLAIRE,SF_Large_Sample_Size_Dataset_Linear_ReLU_50%_20_base_nodes_u_1p0_seed_5_18_nodes_full_data.csv,3,16,20,20000,0.9953,0.9595,0.9779,0.9402,0.9587,0.3328,2.0572,0.0495,0.6475,0.3147,Large,20,1.0,5,18,Linear_ReLU_50%,Synthetic (SF),0.5139023916002333,0.3328,0.0495,0.5139023916002333,0.8012832609025595,0.9616389001668998,0.6720815413712159
CLAIRE,SF_Large_Sample_Size_Dataset_Linear_ReLU_50%_20_base_nodes_u_1p0_seed_6_18_nodes_full_data.csv,3,16,20,20000,0.9689,0.8967,0.9529,0.8346,0.8898,0.4052,2.7205,0.1867,0.6408,0.2355,Large,20,1.0,6,18,Linear_ReLU_50%,Synthetic (SF),0.6324205109354898,0.4052,0.1867,0.6324205109354898,0.7400916194701729,0.8980382166515292,0.5808549459009859
CLAIRE,SF_Large_Sample_Size_Dataset_Linear_ReLU_50%_20_base_nodes_u_1p0_seed_7_18_nodes_full_data.csv,3,16,20,20000,0.9729,0.9064,0.9383,0.8701,0.9029,0.2675,0.5524,0.1361,0.3302,0.5977,Large,20,1.0,7,18,Linear_ReLU_50%,Synthetic (SF),0.4476,0.2675,0.1361,0.4476,0.8075200029739938,0.9116876023895588,0.7004517964906916
CLAIRE,SF_Large_Sample_Size_Dataset_Linear_ReLU_50%_20_base_nodes_u_1p0_seed_8_18_nodes_full_data.csv,3,16,20,20000,0.9873,0.9363,0.9573,0.9133,0.9348,0.0441,0.9116,0.0136,0.455,0.4991,Large,20,1.0,8,18,Linear_ReLU_50%,Synthetic (SF),0.08840000000000003,0.0441,0.0136,0.08840000000000003,0.941517799747177,0.9406620946858053,0.9429603444924014
CLAIRE,SF_Large_Sample_Size_Dataset_Linear_ReLU_50%_20_base_nodes_u_1p0_seed_9_18_nodes_full_data.csv,3,16,20,20000,0.9344,0.8408,0.9127,0.7538,0.8257,0.0053,0.9872,0.039,0.4103,0.4156,Large,20,1.0,9,18,Linear_ReLU_50%,Synthetic (SF),0.012800000000000034,0.0053,0.039,0.012800000000000034,0.8765302345781187,0.8423716779410255,0.9762230097966442
CLAIRE,SF_Large_Sample_Size_Dataset_Linear_ReLU_50%_20_base_nodes_u_2p0_seed_0_18_nodes_full_data.csv,3,16,40,20000,0.8885,0.8044,0.8398,0.7523,0.7937,0.4998,3.5231,0.4231,0.6979,0.1981,Large,20,2.0,0,18,Linear_ReLU_50%,Synthetic (SF),0.7161590644602764,0.4998,0.4231,0.7161590644602764,0.6537946509692092,0.8114232321964727,0.45635689095218734
CLAIRE,SF_Large_Sample_Size_Dataset_Linear_ReLU_50%_20_base_nodes_u_2p0_seed_1_18_nodes_full_data.csv,3,16,40,20000,0.5245,0.5209,0.5441,0.2584,0.3504,0.0119,1.0514,0.0051,0.2434,0.2315,Large,20,2.0,1,18,Linear_ReLU_50%,Synthetic (SF),0.048887198021685285,0.0119,0.0051,0.048887198021685285,0.6068556606300315,0.4427056258020543,0.9710171454996143
CLAIRE,SF_Large_Sample_Size_Dataset_Linear_ReLU_50%_20_base_nodes_u_2p0_seed_2_18_nodes_full_data.csv,3,16,40,20000,0.9832,0.9295,0.955,0.9015,0.9274,0.0776,0.8481,0.0104,0.4333,0.5109,Large,20,2.0,2,18,Linear_ReLU_50%,Synthetic (SF),0.15190000000000003,0.0776,0.0104,0.15190000000000003,0.9208513993945094,0.9337176431926553,0.9033193227472863
CLAIRE,SF_Large_Sample_Size_Dataset_Linear_ReLU_50%_20_base_nodes_u_2p0_seed_3_18_nodes_full_data.csv,3,16,40,20000,0.9378,0.8641,0.8661,0.8614,0.8637,0.1909,1.4751,0.1045,0.5928,0.4019,Large,20,2.0,3,18,Linear_ReLU_50%,Synthetic (SF),0.3220798589926107,0.1909,0.1045,0.3220798589926107,0.8339547132845286,0.8755619945186919,0.7807543431571546
CLAIRE,SF_Large_Sample_Size_Dataset_Linear_ReLU_50%_20_base_nodes_u_2p0_seed_4_18_nodes_full_data.csv,3,16,40,20000,0.9453,0.8599,0.8406,0.8883,0.8638,0.6157,3.7955,0.2387,0.836,0.2203,Large,20,2.0,4,18,Linear_ReLU_50%,Synthetic (SF),0.7365301014359109,0.6157,0.2387,0.7365301014359109,0.6775957180796025,0.8750158378291174,0.47432153083345907
CLAIRE,SF_Large_Sample_Size_Dataset_Linear_ReLU_50%_20_base_nodes_u_2p0_seed_5_18_nodes_full_data.csv,3,16,40,20000,0.9959,0.9646,0.953,0.9774,0.965,0.3947,2.2497,0.0295,0.7105,0.3158,Large,20,2.0,5,18,Linear_ReLU_50%,Synthetic (SF),0.555496288394008,0.3947,0.0295,0.555496288394008,0.7843414678745217,0.9678206561545296,0.6427414866853843
CLAIRE,SF_Large_Sample_Size_Dataset_Linear_ReLU_50%_20_base_nodes_u_2p0_seed_6_18_nodes_full_data.csv,3,16,40,20000,0.9557,0.8966,0.8979,0.8949,0.8964,0.5665,0.2751,0.2534,0.215,0.7815,Large,20,2.0,6,18,Linear_ReLU_50%,Synthetic (SF),0.7249,0.5665,0.2534,0.7249,0.6947360257023146,0.9055962069101025,0.4870555234792124
CLAIRE,SF_Large_Sample_Size_Dataset_Linear_ReLU_50%_20_base_nodes_u_2p0_seed_7_18_nodes_full_data.csv,3,16,40,20000,0.961,0.9191,0.9772,0.8581,0.9138,0.6204,5.8154,0.3699,0.7493,0.1288,Large,20,2.0,7,18,Linear_ReLU_50%,Synthetic (SF),0.8280427829556006,0.6204,0.3699,0.8280427829556006,0.6642031766988664,0.9159607250756375,0.4074110371048042
CLAIRE,SF_Large_Sample_Size_Dataset_Linear_ReLU_50%_20_base_nodes_u_2p0_seed_8_18_nodes_full_data.csv,3,16,40,20000,0.9977,0.9739,0.9718,0.9762,0.974,0.1681,1.4021,0.0136,0.5862,0.4181,Large,20,2.0,8,18,Linear_ReLU_50%,Synthetic (SF),0.2867841095499607,0.1681,0.0136,0.2867841095499607,0.8868253649167213,0.9767073952825004,0.815889254053199
CLAIRE,SF_Large_Sample_Size_Dataset_Linear_ReLU_50%_20_base_nodes_u_2p0_seed_9_18_nodes_full_data.csv,3,16,40,20000,0.8482,0.8064,0.907,0.6828,0.7791,0.5491,6.397,0.5716,0.6508,0.1017,Large,20,2.0,9,18,Linear_ReLU_50%,Synthetic (SF),0.8436767234641238,0.5491,0.5716,0.8436767234641238,0.6056661936836051,0.7944576863435,0.3564989017620654
SRCVAE,SF_Large_Sample_Size_Dataset_Linear_ReLU_50%_10_base_nodes_u_0p5_seed_0_8_nodes_full_data.csv,3,6,5,10000,0.743,0.677,0.6403,0.8078,0.7144,0.4062,1.9498,0.1936,0.8338,0.4277,Large,10,0.5,0,8,Linear_ReLU_50%,Synthetic (SF),0.48712688480869837,0.4062,0.1936,0.48712688480869837,0.6792837418621089,0.7130700983805137,0.629167794034877
SRCVAE,SF_Large_Sample_Size_Dataset_Linear_ReLU_50%_10_base_nodes_u_0p5_seed_1_8_nodes_full_data.csv,3,6,5,10000,0.419,0.4426,0.4384,0.4089,0.4231,0.0366,1.0817,0.2341,0.4848,0.4481,Large,10,0.5,1,8,Linear_ReLU_50%,Synthetic (SF),0.07552925949893696,0.0366,0.2341,0.07552925949893696,0.5808420209108799,0.4264468132058103,0.860909128291738
SRCVAE,SF_Large_Sample_Size_Dataset_Linear_ReLU_50%_10_base_nodes_u_0p5_seed_2_8_nodes_full_data.csv,3,6,5,10000,0.1644,0.2958,0.2255,0.1678,0.1924,0.3919,0.3097,0.2333,0.1758,0.5677,Large,10,0.5,2,8,Linear_ReLU_50%,Synthetic (SF),0.6903,0.3919,0.2333,0.6903,0.36690129164226976,0.21323137297456415,0.5536884664387939
SRCVAE,SF_Large_Sample_Size_Dataset_Linear_ReLU_50%_10_base_nodes_u_0p5_seed_3_8_nodes_full_data.csv,3,6,5,10000,0.759,0.6448,0.6623,0.5907,0.6245,0.1106,0.7795,0.35,0.3909,0.5015,Large,10,0.5,3,8,Linear_ReLU_50%,Synthetic (SF),0.22050000000000003,0.1106,0.35,0.22050000000000003,0.6920501101779631,0.6540735878355243,0.759128391688877
SRCVAE,SF_Large_Sample_Size_Dataset_Linear_ReLU_50%_10_base_nodes_u_0p5_seed_4_8_nodes_full_data.csv,3,6,5,10000,0.6389,0.5777,0.6172,0.4091,0.492,0.0192,1.0596,0.1021,0.341,0.3218,Large,10,0.5,4,8,Linear_ReLU_50%,Synthetic (SF),0.05624764061910159,0.0192,0.1021,0.05624764061910159,0.6636614356271568,0.5456409997161309,0.9324433286483241
SRCVAE,SF_Large_Sample_Size_Dataset_Linear_ReLU_50%_10_base_nodes_u_0p5_seed_5_8_nodes_full_data.csv,3,6,5,10000,0.4726,0.5263,0.5137,0.9904,0.6765,0.056,0.9435,0.0344,0.9362,0.9922,Large,10,0.5,5,8,Linear_ReLU_50%,Synthetic (SF),0.056499999999999995,0.056,0.0344,0.056499999999999995,0.7061587701092988,0.6176991902272746,0.9500176858616546
SRCVAE,SF_Large_Sample_Size_Dataset_Linear_ReLU_50%_10_base_nodes_u_0p5_seed_6_8_nodes_full_data.csv,3,6,5,10000,0.6252,0.587,0.5934,0.5527,0.5723,0.0827,1.1949,0.13,0.5069,0.4242,Large,10,0.5,6,8,Linear_ReLU_50%,Synthetic (SF),0.16310988367227386,0.0827,0.13,0.16310988367227386,0.6776219669839808,0.5859153828135436,0.871088095465007
SRCVAE,SF_Large_Sample_Size_Dataset_Linear_ReLU_50%_10_base_nodes_u_0p5_seed_7_8_nodes_full_data.csv,3,6,5,10000,0.9257,0.7609,0.919,0.5722,0.7053,0.2613,2.4427,0.0884,0.4425,0.1811,Large,10,0.5,7,8,Linear_ReLU_50%,Synthetic (SF),0.5906169402710115,0.2613,0.0884,0.5906169402710115,0.7115580766821384,0.7516199036378135,0.6559296782181352
SRCVAE,SF_Large_Sample_Size_Dataset_Linear_ReLU_50%_10_base_nodes_u_0p5_seed_8_8_nodes_full_data.csv,3,6,5,10000,0.5588,0.5159,0.5753,0.1213,0.2004,0.0801,2.2229,0.0934,0.1455,0.0655,Large,10,0.5,8,8,Linear_ReLU_50%,Synthetic (SF),0.5501372081515138,0.0801,0.0934,0.5501372081515138,0.524030139175677,0.4085506115103924,0.7081236812018299
SRCVAE,SF_Large_Sample_Size_Dataset_Linear_ReLU_50%_10_base_nodes_u_0p5_seed_9_8_nodes_full_data.csv,3,6,5,10000,0.9001,0.8207,0.8278,0.8098,0.8187,0.1584,1.3864,0.195,0.5684,0.41,Large,10,0.5,9,8,Linear_ReLU_50%,Synthetic (SF),0.27870744373918066,0.1584,0.195,0.27870744373918066,0.8136890004454976,0.8328249289922933,0.7849848534000249
SRCVAE,SF_Large_Sample_Size_Dataset_Linear_ReLU_50%_10_base_nodes_u_1p0_seed_0_8_nodes_full_data.csv,3,6,10,10000,0.6403,0.5,0.5,1.0,0.6667,0.0,1.0,0.0,1.0,1.0,Large,10,1.0,0,8,Linear_ReLU_50%,Synthetic (SF),0.0,0.0,0.0,0.0,0.7289297220622176,0.6406972122867177,1.0
SRCVAE,SF_Large_Sample_Size_Dataset_Linear_ReLU_50%_10_base_nodes_u_1p0_seed_1_8_nodes_full_data.csv,3,6,10,10000,0.8697,0.7139,0.6423,0.9653,0.7714,0.2005,0.7644,0.0432,0.6506,0.8511,Large,10,1.0,1,8,Linear_ReLU_50%,Synthetic (SF),0.23560000000000003,0.2005,0.0432,0.23560000000000003,0.7899625221574711,0.7717950373237163,0.8240071703600353
SRCVAE,SF_Large_Sample_Size_Dataset_Linear_ReLU_50%_10_base_nodes_u_1p0_seed_2_8_nodes_full_data.csv,3,6,10,10000,0.9016,0.8286,0.8074,0.8629,0.8342,0.1811,0.7099,0.016,0.4432,0.6242,Large,10,1.0,2,8,Linear_ReLU_50%,Synthetic (SF),0.2901,0.1811,0.016,0.2901,0.8302705818426882,0.8441444666961213,0.8104517420377285
SRCVAE,SF_Large_Sample_Size_Dataset_Linear_ReLU_50%_10_base_nodes_u_1p0_seed_3_8_nodes_full_data.csv,3,6,10,10000,0.776,0.6294,0.6915,0.4673,0.5578,0.2889,2.4964,0.3517,0.482,0.1931,Large,10,1.0,3,8,Linear_ReLU_50%,Synthetic (SF),0.5994231693638841,0.2889,0.3517,0.5994231693638841,0.6040727767045586,0.6186859764008945,0.5806917271544297
SRCVAE,SF_Large_Sample_Size_Dataset_Linear_ReLU_50%_10_base_nodes_u_1p0_seed_4_8_nodes_full_data.csv,3,6,10,10000,0.9003,0.8632,0.8206,0.9298,0.8718,0.056,1.104,0.0917,0.5946,0.5385,Large,10,1.0,4,8,Linear_ReLU_50%,Synthetic (SF),0.09420289855072472,0.056,0.0917,0.09420289855072472,0.887528432029939,0.8725607111594131,0.9176666368951644
SRCVAE,SF_Large_Sample_Size_Dataset_Linear_ReLU_50%_10_base_nodes_u_1p0_seed_5_8_nodes_full_data.csv,3,6,10,10000,0.6889,0.5508,0.7068,0.1736,0.2787,0.0964,2.2951,0.1875,0.1708,0.0744,Large,10,1.0,5,8,Linear_ReLU_50%,Synthetic (SF),0.5642891377282035,0.0964,0.1875,0.5642891377282035,0.555717565141037,0.4829608560600013,0.6818342437969402
SRCVAE,SF_Large_Sample_Size_Dataset_Linear_ReLU_50%_10_base_nodes_u_1p0_seed_6_8_nodes_full_data.csv,3,6,10,10000,0.5768,0.5476,0.5462,0.5624,0.5542,0.2713,0.5829,0.2318,0.3792,0.6506,Large,10,1.0,6,8,Linear_ReLU_50%,Synthetic (SF),0.4171,0.2713,0.2318,0.4171,0.6053783478923495,0.5574105353402012,0.687689832373518
SRCVAE,SF_Large_Sample_Size_Dataset_Linear_ReLU_50%_10_base_nodes_u_1p0_seed_7_8_nodes_full_data.csv,3,6,10,10000,0.6648,0.6474,0.7186,0.4847,0.5789,0.0509,0.8596,0.1527,0.3119,0.3628,Large,10,1.0,7,8,Linear_ReLU_50%,Synthetic (SF),0.14039999999999997,0.0509,0.1527,0.14039999999999997,0.6982051973544583,0.6156997252471582,0.8778823919994752
SRCVAE,SF_Large_Sample_Size_Dataset_Linear_ReLU_50%_10_base_nodes_u_1p0_seed_8_8_nodes_full_data.csv,3,6,10,10000,0.6958,0.664,0.6982,0.5778,0.6323,0.0088,1.0215,0.0217,0.4182,0.4094,Large,10,1.0,8,8,Linear_ReLU_50%,Synthetic (SF),0.021047479197259022,0.0088,0.0217,0.021047479197259022,0.7418229344316273,0.6522657233306797,0.9818403373301658
SRCVAE,SF_Large_Sample_Size_Dataset_Linear_ReLU_50%_10_base_nodes_u_1p0_seed_9_8_nodes_full_data.csv,3,6,10,10000,0.3291,0.4417,0.3968,0.2242,0.2865,0.0135,1.0491,0.0073,0.2893,0.2758,Large,10,1.0,9,8,Linear_ReLU_50%,Synthetic (SF),0.04680202077971585,0.0135,0.0073,0.04680202077971585,0.5542047637539226,0.3399341029381478,0.9717343145757124
SRCVAE,SF_Large_Sample_Size_Dataset_Linear_ReLU_50%_10_base_nodes_u_2p0_seed_0_8_nodes_full_data.csv,3,6,20,10000,0.3513,0.4663,0.2081,0.024,0.043,0.06,3.1553,0.0365,0.0878,0.0278,Large,10,2.0,0,8,Linear_ReLU_50%,Synthetic (SF),0.6830729249199758,0.06,0.0365,0.6830729249199758,0.44170716351190087,0.25788886849746406,0.6682030534768294
SRCVAE,SF_Large_Sample_Size_Dataset_Linear_ReLU_50%_10_base_nodes_u_2p0_seed_1_8_nodes_full_data.csv,3,6,20,10000,0.6957,0.5924,0.8681,0.218,0.3485,0.1977,0.1182,0.251,0.0265,0.2242,Large,10,2.0,1,8,Linear_ReLU_50%,Synthetic (SF),0.8818,0.1977,0.251,0.8818,0.5381666212356284,0.5364678136298375,0.5406565985872224
SRCVAE,SF_Large_Sample_Size_Dataset_Linear_ReLU_50%_10_base_nodes_u_2p0_seed_2_8_nodes_full_data.csv,3,6,20,10000,0.8294,0.7586,0.8194,0.6633,0.7331,0.2602,0.5133,0.2719,0.2744,0.5346,Large,10,2.0,2,8,Linear_ReLU_50%,Synthetic (SF),0.4867,0.2602,0.2719,0.4867,0.7138948597891583,0.7556241096162801,0.6530402813157903
SRCVAE,SF_Large_Sample_Size_Dataset_Linear_ReLU_50%_10_base_nodes_u_2p0_seed_3_8_nodes_full_data.csv,3,6,20,10000,0.9022,0.7441,0.8891,0.5578,0.6855,0.0673,1.2405,0.0152,0.3473,0.28,Large,10,2.0,3,8,Linear_ReLU_50%,Synthetic (SF),0.1938734381297863,0.0673,0.0152,0.1938734381297863,0.7815457177366717,0.7350696731686701,0.8846261209025065
SRCVAE,SF_Large_Sample_Size_Dataset_Linear_ReLU_50%_10_base_nodes_u_2p0_seed_4_8_nodes_full_data.csv,3,6,20,10000,0.7172,0.6597,0.6584,0.6636,0.661,0.0402,1.0831,0.1231,0.5239,0.4837,Large,10,2.0,4,8,Linear_ReLU_50%,Synthetic (SF),0.07672421752377434,0.0402,0.1231,0.07672421752377434,0.7449135376814267,0.6715798889455316,0.9137458870352411
SRCVAE,SF_Large_Sample_Size_Dataset_Linear_ReLU_50%_10_base_nodes_u_2p0_seed_5_8_nodes_full_data.csv,3,6,20,10000,0.9375,0.8079,0.7485,0.9273,0.8284,0.3014,1.6416,0.1048,0.7711,0.4698,Large,10,2.0,5,8,Linear_ReLU_50%,Synthetic (SF),0.3908382066276803,0.3014,0.1048,0.3908382066276803,0.785870479900399,0.8365942400779613,0.7186209552509012
SRCVAE,SF_Large_Sample_Size_Dataset_Linear_ReLU_50%_10_base_nodes_u_2p0_seed_6_8_nodes_full_data.csv,3,6,20,10000,0.7073,0.6356,0.606,0.7749,0.6801,0.3156,1.6553,0.208,0.7971,0.4816,Large,10,2.0,6,8,Linear_ReLU_50%,Synthetic (SF),0.3958799009243037,0.3156,0.208,0.3958799009243037,0.6818449968743977,0.6779701421102932,0.6882834598857303
SRCVAE,SF_Large_Sample_Size_Dataset_Linear_ReLU_50%_10_base_nodes_u_2p0_seed_7_8_nodes_full_data.csv,3,6,20,10000,0.8113,0.7263,0.7533,0.6731,0.7109,0.3218,2.1253,0.2275,0.6077,0.2859,Large,10,2.0,7,8,Linear_ReLU_50%,Synthetic (SF),0.5294781913141675,0.3218,0.2275,0.5294781913141675,0.6910450559722174,0.7324471583941716,0.6313787714868798
SRCVAE,SF_Large_Sample_Size_Dataset_Linear_ReLU_50%_10_base_nodes_u_2p0_seed_8_8_nodes_full_data.csv,3,6,20,10000,0.8744,0.7488,0.6908,0.9007,0.7819,0.0448,1.0711,0.0214,0.6743,0.6295,Large,10,2.0,8,8,Linear_ReLU_50%,Synthetic (SF),0.0663803566427037,0.0448,0.0214,0.0663803566427037,0.8333018896888376,0.7885466909373591,0.952324501802846
SRCVAE,SF_Large_Sample_Size_Dataset_Linear_ReLU_50%_10_base_nodes_u_2p0_seed_9_8_nodes_full_data.csv,3,6,20,10000,0.6692,0.6247,0.6005,0.7449,0.6649,0.0423,1.0706,0.0056,0.6414,0.5991,Large,10,2.0,9,8,Linear_ReLU_50%,Synthetic (SF),0.0659443302820848,0.0423,0.0056,0.0659443302820848,0.7432738411187068,0.6591240804498655,0.9549994775164126
SRCVAE,SF_Large_Sample_Size_Dataset_Linear_ReLU_50%_20_base_nodes_u_0p5_seed_0_18_nodes_full_data.csv,3,16,10,20000,0.3029,0.3025,0.3724,0.5761,0.4524,0.395,0.5932,0.5272,0.5761,0.9711,Large,20,0.5,0,18,Linear_ReLU_50%,Synthetic (SF),0.40680000000000005,0.395,0.5272,0.40680000000000005,0.4617709825784662,0.405459019341386,0.5561876769808809
SRCVAE,SF_Large_Sample_Size_Dataset_Linear_ReLU_50%_20_base_nodes_u_0p5_seed_1_18_nodes_full_data.csv,3,16,10,20000,0.6907,0.6331,0.6641,0.5387,0.5949,0.011,0.9734,0.1531,0.4001,0.4111,Large,20,0.5,1,18,Linear_ReLU_50%,Synthetic (SF),0.026599999999999957,0.011,0.1531,0.026599999999999957,0.7132731228944792,0.6228076765805399,0.9125541123446244
SRCVAE,SF_Large_Sample_Size_Dataset_Linear_ReLU_50%_20_base_nodes_u_0p5_seed_2_18_nodes_full_data.csv,3,16,10,20000,0.905,0.8025,0.8097,0.7909,0.8002,0.0512,1.1107,0.0098,0.5141,0.4628,Large,20,0.5,2,18,Linear_ReLU_50%,Synthetic (SF),0.09966687674439545,0.0512,0.0098,0.09966687674439545,0.8529666571483708,0.8178472371518869,0.9358376974581356
SRCVAE,SF_Large_Sample_Size_Dataset_Linear_ReLU_50%_20_base_nodes_u_0p5_seed_3_18_nodes_full_data.csv,3,16,10,20000,0.6764,0.5916,0.622,0.4671,0.5335,0.1957,0.5865,0.1974,0.2775,0.4731,Large,20,0.5,3,18,Linear_ReLU_50%,Synthetic (SF),0.4135,0.1957,0.1974,0.4135,0.6284999827990243,0.5764849869138502,0.7196044601005361
SRCVAE,SF_Large_Sample_Size_Dataset_Linear_ReLU_50%_20_base_nodes_u_0p5_seed_4_18_nodes_full_data.csv,3,16,10,20000,0.6791,0.6221,0.6343,0.5765,0.604,0.1486,0.7189,0.1668,0.3801,0.5287,Large,20,0.5,4,18,Linear_ReLU_50%,Synthetic (SF),0.2811,0.1486,0.1668,0.2811,0.6819661241615993,0.622594713983048,0.7948754107803581
SRCVAE,SF_Large_Sample_Size_Dataset_Linear_ReLU_50%_20_base_nodes_u_0p5_seed_5_18_nodes_full_data.csv,3,16,10,20000,0.6822,0.5933,0.6624,0.3804,0.4833,0.1299,0.6312,0.2446,0.2223,0.3522,Large,20,0.5,5,18,Linear_ReLU_50%,Synthetic (SF),0.3688,0.1299,0.2446,0.3688,0.6217305573339305,0.557313437603966,0.740166536596935
SRCVAE,SF_Large_Sample_Size_Dataset_Linear_ReLU_50%_20_base_nodes_u_0p5_seed_6_18_nodes_full_data.csv,3,16,10,20000,0.8979,0.7973,0.8503,0.7217,0.7807,0.2372,0.5633,0.2581,0.3059,0.543,Large,20,0.5,6,18,Linear_ReLU_50%,Synthetic (SF),0.4367,0.2372,0.2581,0.4367,0.7525426788097351,0.8025487912616719,0.6825421850522758
SRCVAE,SF_Large_Sample_Size_Dataset_Linear_ReLU_50%_20_base_nodes_u_0p5_seed_7_18_nodes_full_data.csv,3,16,10,20000,0.9422,0.6847,0.9376,0.3957,0.5565,0.1847,2.5596,0.1207,0.3031,0.1184,Large,20,0.5,7,18,Linear_ReLU_50%,Synthetic (SF),0.6093139553055165,0.1847,0.1207,0.6093139553055165,0.6650860799128423,0.6678165468048037,0.6605720294475299
SRCVAE,SF_Large_Sample_Size_Dataset_Linear_ReLU_50%_20_base_nodes_u_0p5_seed_8_18_nodes_full_data.csv,3,16,10,20000,0.723,0.7055,0.6477,0.9014,0.7538,0.0805,0.8907,0.0802,0.6556,0.7361,Large,20,0.5,8,18,Linear_ReLU_50%,Synthetic (SF),0.10929999999999995,0.0805,0.0802,0.10929999999999995,0.7882717773021918,0.7373480046111492,0.909073961879929
SRCVAE,SF_Large_Sample_Size_Dataset_Linear_ReLU_50%_20_base_nodes_u_0p5_seed_9_18_nodes_full_data.csv,3,16,10,20000,0.9107,0.5966,0.9984,0.1935,0.3241,0.153,0.1173,0.1161,0.0203,0.1733,Large,20,0.5,9,18,Linear_ReLU_50%,Synthetic (SF),0.8827,0.153,0.1161,0.8827,0.5751276146939897,0.5742291592904302,0.5765205404172403
SRCVAE,SF_Large_Sample_Size_Dataset_Linear_ReLU_50%_20_base_nodes_u_1p0_seed_0_18_nodes_full_data.csv,3,16,20,20000,0.6578,0.6057,0.5924,0.6778,0.6322,0.3604,0.5209,0.2392,0.3918,0.7522,Large,20,1.0,0,18,Linear_ReLU_50%,Synthetic (SF),0.47909999999999997,0.3604,0.2392,0.47909999999999997,0.6334614531790105,0.6326074010694928,0.63483579807698
SRCVAE,SF_Large_Sample_Size_Dataset_Linear_ReLU_50%_20_base_nodes_u_1p0_seed_1_18_nodes_full_data.csv,3,16,20,20000,0.4837,0.4988,0.4992,0.692,0.58,0.2732,0.6708,0.3047,0.5567,0.8299,Large,20,1.0,1,18,Linear_ReLU_50%,Synthetic (SF),0.32920000000000005,0.2732,0.3047,0.32920000000000005,0.601952243574797,0.5495132494872021,0.6971425379882809
SRCVAE,SF_Large_Sample_Size_Dataset_Linear_ReLU_50%_20_base_nodes_u_1p0_seed_2_18_nodes_full_data.csv,3,16,20,20000,0.8599,0.7564,0.8386,0.6349,0.7227,0.4016,0.3068,0.3268,0.1777,0.5793,Large,20,1.0,2,18,Linear_ReLU_50%,Synthetic (SF),0.6932,0.4016,0.3268,0.6932,0.6553261776601295,0.753338078707302,0.5237534074562138
SRCVAE,SF_Large_Sample_Size_Dataset_Linear_ReLU_50%_20_base_nodes_u_1p0_seed_3_18_nodes_full_data.csv,3,16,20,20000,0.7439,0.6124,0.7017,0.3911,0.5022,0.1174,0.6521,0.0343,0.22,0.3374,Large,20,1.0,3,18,Linear_ReLU_50%,Synthetic (SF),0.3479,0.1174,0.0343,0.3479,0.6591789210456335,0.5844137089001757,0.7985452290024445
SRCVAE,SF_Large_Sample_Size_Dataset_Linear_ReLU_50%_20_base_nodes_u_1p0_seed_4_18_nodes_full_data.csv,3,16,20,20000,0.8394,0.7671,0.8182,0.6866,0.7467,0.2838,2.0215,0.2343,0.5616,0.2778,Large,20,1.0,4,18,Linear_ReLU_50%,Synthetic (SF),0.5053178332921098,0.2838,0.2343,0.5053178332921098,0.7183825808738598,0.7671926330938945,0.6496736711052661
SRCVAE,SF_Large_Sample_Size_Dataset_Linear_ReLU_50%_20_base_nodes_u_1p0_seed_5_18_nodes_full_data.csv,3,16,20,20000,0.807,0.7319,0.7487,0.6982,0.7226,0.0103,1.0223,0.2703,0.4714,0.4611,Large,20,1.0,5,18,Linear_ReLU_50%,Synthetic (SF),0.021813557664090766,0.0103,0.2703,0.021813557664090766,0.7803682646326032,0.7400133049200154,0.8527237733865743
SRCVAE,SF_Large_Sample_Size_Dataset_Linear_ReLU_50%_20_base_nodes_u_1p0_seed_6_18_nodes_full_data.csv,3,16,20,20000,0.6422,0.5841,0.5841,0.5839,0.584,0.1593,0.7251,0.2399,0.4201,0.5794,Large,20,1.0,6,18,Linear_ReLU_50%,Synthetic (SF),0.27490000000000003,0.1593,0.2399,0.27490000000000003,0.6568869368977129,0.5954454294275261,0.771667511016321
SRCVAE,SF_Large_Sample_Size_Dataset_Linear_ReLU_50%_20_base_nodes_u_1p0_seed_7_18_nodes_full_data.csv,3,16,20,20000,0.8514,0.7606,0.753,0.7756,0.7641,0.1011,0.8212,0.0097,0.4646,0.5657,Large,20,1.0,7,18,Linear_ReLU_50%,Synthetic (SF),0.17879999999999996,0.1011,0.0097,0.17879999999999996,0.813859446981459,0.778837769524517,0.8841542290644053
SRCVAE,SF_Large_Sample_Size_Dataset_Linear_ReLU_50%_20_base_nodes_u_1p0_seed_8_18_nodes_full_data.csv,3,16,20,20000,0.7147,0.6291,0.6433,0.5794,0.6097,0.1782,0.6698,0.1624,0.3614,0.5396,Large,20,1.0,8,18,Linear_ReLU_50%,Synthetic (SF),0.33020000000000005,0.1782,0.1624,0.33020000000000005,0.681377759565613,0.6340620238664431,0.76769520223461
SRCVAE,SF_Large_Sample_Size_Dataset_Linear_ReLU_50%_20_base_nodes_u_1p0_seed_9_18_nodes_full_data.csv,3,16,20,20000,0.9035,0.7983,0.8331,0.7461,0.7872,0.1183,0.7666,0.1449,0.3886,0.5069,Large,20,1.0,9,18,Linear_ReLU_50%,Synthetic (SF),0.23340000000000005,0.1183,0.1449,0.23340000000000005,0.8156007580109703,0.8080372106806608,0.8287827271968992
SRCVAE,SF_Large_Sample_Size_Dataset_Linear_ReLU_50%_20_base_nodes_u_2p0_seed_0_18_nodes_full_data.csv,3,16,40,20000,0.4041,0.4274,0.4015,0.2957,0.3405,0.3825,0.3163,0.4645,0.1769,0.5594,Large,20,2.0,0,18,Linear_ReLU_50%,Synthetic (SF),0.6837,0.3825,0.4645,0.6837,0.42078839525840467,0.37509488823305603,0.4903884339401416
SRCVAE,SF_Large_Sample_Size_Dataset_Linear_ReLU_50%_20_base_nodes_u_2p0_seed_1_18_nodes_full_data.csv,3,16,40,20000,0.5228,0.5152,0.5201,0.3931,0.4477,0.1271,1.4043,0.1159,0.4415,0.3144,Large,20,2.0,1,18,Linear_ReLU_50%,Synthetic (SF),0.2879014455600656,0.1271,0.1159,0.2879014455600656,0.5958613051088933,0.47999279759452984,0.8102442781719849
SRCVAE,SF_Large_Sample_Size_Dataset_Linear_ReLU_50%_20_base_nodes_u_2p0_seed_2_18_nodes_full_data.csv,3,16,40,20000,0.8192,0.7269,0.7392,0.7014,0.7198,0.0662,1.15,0.1059,0.5075,0.4413,Large,20,2.0,2,18,Linear_ReLU_50%,Synthetic (SF),0.13043478260869557,0.0662,0.1059,0.13043478260869557,0.7879130372646204,0.739226076713898,0.8961350970325123
SRCVAE,SF_Large_Sample_Size_Dataset_Linear_ReLU_50%_20_base_nodes_u_2p0_seed_3_18_nodes_full_data.csv,3,16,40,20000,0.6903,0.6498,0.6348,0.7055,0.6683,0.0782,1.1514,0.0497,0.5948,0.5166,Large,20,2.0,3,18,Linear_ReLU_50%,Synthetic (SF),0.1314920965780788,0.0782,0.0497,0.1314920965780788,0.7420182650973037,0.6692318679588732,0.9077771462595304
SRCVAE,SF_Large_Sample_Size_Dataset_Linear_ReLU_50%_20_base_nodes_u_2p0_seed_4_18_nodes_full_data.csv,3,16,40,20000,0.7335,0.6727,0.6987,0.6072,0.6497,0.2037,1.6124,0.1878,0.5362,0.3326,Large,20,2.0,4,18,Linear_ReLU_50%,Synthetic (SF),0.37980649962788393,0.2037,0.1878,0.37980649962788393,0.6940803332364013,0.6709351920681684,0.7337401885095797
SRCVAE,SF_Large_Sample_Size_Dataset_Linear_ReLU_50%_20_base_nodes_u_2p0_seed_5_18_nodes_full_data.csv,3,16,40,20000,0.992,0.8412,0.9956,0.6855,0.8119,0.4039,3.8311,0.3228,0.5466,0.1427,Large,20,2.0,5,18,Linear_ReLU_50%,Synthetic (SF),0.7389783613061522,0.4039,0.3228,0.7389783613061522,0.6871493929129866,0.8301430358337967,0.510125593698343
SRCVAE,SF_Large_Sample_Size_Dataset_Linear_ReLU_50%_20_base_nodes_u_2p0_seed_6_18_nodes_full_data.csv,3,16,40,20000,0.7748,0.6848,0.7123,0.6202,0.6631,0.1732,0.6682,0.0657,0.3487,0.5219,Large,20,2.0,6,18,Linear_ReLU_50%,Synthetic (SF),0.3318,0.1732,0.0657,0.3318,0.7247858027850729,0.688693047841342,0.7883299245367609
SRCVAE,SF_Large_Sample_Size_Dataset_Linear_ReLU_50%_20_base_nodes_u_2p0_seed_7_18_nodes_full_data.csv,3,16,40,20000,0.3908,0.4994,0.4409,0.0043,0.0085,0.0049,3.0435,0.0041,0.0074,0.0024,Large,20,2.0,7,18,Linear_ReLU_50%,Synthetic (SF),0.6714309183505832,0.0049,0.0041,0.6714309183505832,0.47208364361213373,0.3117138988208927,0.6828457056412092
SRCVAE,SF_Large_Sample_Size_Dataset_Linear_ReLU_50%_20_base_nodes_u_2p0_seed_8_18_nodes_full_data.csv,3,16,40,20000,0.5254,0.4247,0.4501,0.6795,0.5415,0.0951,0.8815,0.0008,0.7073,0.8023,Large,20,2.0,8,18,Linear_ReLU_50%,Synthetic (SF),0.11850000000000005,0.0951,0.0008,0.11850000000000005,0.6468577016692255,0.5234901793753507,0.91379679009144
SRCVAE,SF_Large_Sample_Size_Dataset_Linear_ReLU_50%_20_base_nodes_u_2p0_seed_9_18_nodes_full_data.csv,3,16,40,20000,0.726,0.65,0.6892,0.5464,0.6096,0.2503,1.923,0.1226,0.5215,0.2712,Large,20,2.0,9,18,Linear_ReLU_50%,Synthetic (SF),0.4799791991679667,0.2503,0.1226,0.4799791991679667,0.6623914701268944,0.6418288174184339,0.6951800807360803
XGBoost,SF_Large_Sample_Size_Dataset_Linear_ReLU_50%_10_base_nodes_u_0p5_seed_0_8_nodes_full_data.csv,3,6,5,10000,0.8371,0.7682,0.7698,0.7653,0.7676,0.7607,7.5186,0.7435,0.8774,0.1167,Large,10,0.5,0,8,Linear_ReLU_50%,Synthetic (SF),0.8669965153087011,0.7607,0.7435,0.8669965153087011,0.550930956745353,0.7803345808918526,0.2146927570579376
XGBoost,SF_Large_Sample_Size_Dataset_Linear_ReLU_50%_10_base_nodes_u_1p0_seed_0_8_nodes_full_data.csv,3,6,10,10000,0.6044,0.5718,0.5716,0.5733,0.5724,0.0469,0.9107,0.0525,0.478,0.5249,Large,10,1.0,0,8,Linear_ReLU_50%,Synthetic (SF),0.08930000000000005,0.0469,0.0525,0.08930000000000005,0.6862325173841015,0.5786466232444146,0.9345409827611025
XGBoost,SF_Large_Sample_Size_Dataset_Linear_ReLU_50%_10_base_nodes_u_2p0_seed_0_8_nodes_full_data.csv,3,6,20,10000,0.7291,0.663,0.6534,0.6944,0.6733,0.0923,0.8401,0.1532,0.485,0.5773,Large,10,2.0,0,8,Linear_ReLU_50%,Synthetic (SF),0.15990000000000004,0.0923,0.1532,0.15990000000000004,0.7401135657867097,0.6820311788925579,0.8620270631387115
XGBoost,SF_Large_Sample_Size_Dataset_Linear_ReLU_50%_20_base_nodes_u_0p5_seed_0_18_nodes_full_data.csv,3,16,10,20000,0.9817,0.9303,0.9426,0.9164,0.9293,0.5597,3.7147,0.2746,0.7659,0.2062,Large,20,0.5,0,18,Linear_ReLU_50%,Synthetic (SF),0.7307992570059494,0.5597,0.2746,0.7307992570059494,0.7015874645341692,0.9362827475107109,0.4809962560498747
XGBoost,SF_Large_Sample_Size_Dataset_Linear_ReLU_50%_20_base_nodes_u_1p0_seed_0_18_nodes_full_data.csv,3,16,20,20000,0.8565,0.7769,0.7717,0.7866,0.7791,0.0816,0.8518,0.0389,0.4689,0.5505,Large,20,1.0,0,18,Linear_ReLU_50%,Synthetic (SF),0.1482,0.0816,0.0389,0.1482,0.8270980369384544,0.7923868342785058,0.9009409948494363
XGBoost,SF_Large_Sample_Size_Dataset_Linear_ReLU_50%_20_base_nodes_u_2p0_seed_0_18_nodes_full_data.csv,3,16,40,20000,0.8786,0.7967,0.8067,0.7804,0.7933,0.4907,3.0575,0.384,0.7292,0.2385,Large,20,2.0,0,18,Linear_ReLU_50%,Synthetic (SF),0.6729354047424366,0.4907,0.384,0.6729354047424366,0.6650198631827139,0.808716608767665,0.48497748540343216
FairPFN,SF_Large_Sample_Size_Dataset_Linear_ReLU_50%_10_base_nodes_u_0p5_seed_0_8_nodes_full_data.csv,3,6,5,10000,0.5824,0.5638,0.5542,0.6522,0.5992,0.0518,0.9157,0.2077,0.5625,0.6144,Large,10,0.5,0,8,Linear_ReLU_50%,Synthetic (SF),0.08430000000000004,0.0518,0.2077,0.08430000000000004,0.6815751353856767,0.5899154937711656,0.8698757158626103
FairPFN,SF_Large_Sample_Size_Dataset_Linear_ReLU_50%_10_base_nodes_u_1p0_seed_0_8_nodes_full_data.csv,3,6,10,10000,0.6481,0.6054,0.6283,0.5162,0.5668,0.0362,0.9155,0.0573,0.3926,0.4288,Large,10,1.0,0,8,Linear_ReLU_50%,Synthetic (SF),0.08450000000000002,0.0362,0.0573,0.08450000000000002,0.6951238698355834,0.5921190333091711,0.9376722499052144
FairPFN,SF_Large_Sample_Size_Dataset_Linear_ReLU_50%_10_base_nodes_u_2p0_seed_0_8_nodes_full_data.csv,3,6,20,10000,0.7466,0.679,0.6575,0.7473,0.6995,0.0432,1.0791,0.0058,0.5901,0.5468,Large,10,2.0,0,8,Linear_ReLU_50%,Synthetic (SF),0.07330182559540355,0.0432,0.0058,0.07330182559540355,0.7745018815381574,0.7047040074131449,0.9511951388049903
FairPFN,SF_Large_Sample_Size_Dataset_Linear_ReLU_50%_20_base_nodes_u_0p5_seed_0_18_nodes_full_data.csv,3,16,10,20000,0.8711,0.759,0.7024,0.8987,0.7885,0.0706,1.1169,0.0765,0.675,0.6044,Large,20,0.5,0,18,Linear_ReLU_50%,Synthetic (SF),0.10466469692899993,0.0706,0.0765,0.10466469692899993,0.8306594886818655,0.7943825018892491,0.9148936756702857
FairPFN,SF_Large_Sample_Size_Dataset_Linear_ReLU_50%_20_base_nodes_u_1p0_seed_0_18_nodes_full_data.csv,3,16,20,20000,0.8479,0.7679,0.7615,0.7802,0.7708,0.0004,0.9992,0.0451,0.5121,0.5125,Large,20,1.0,0,18,Linear_ReLU_50%,Synthetic (SF),0.0008000000000000229,0.0004,0.0451,0.0008000000000000229,0.8342819979951158,0.7839705890832436,0.9742355087677211
FairPFN,SF_Large_Sample_Size_Dataset_Linear_ReLU_50%_20_base_nodes_u_2p0_seed_0_18_nodes_full_data.csv,3,16,40,20000,0.7942,0.6938,0.6605,0.7976,0.7226,0.0311,1.0528,0.0096,0.6193,0.5882,Large,20,2.0,0,18,Linear_ReLU_50%,Synthetic (SF),0.050151975683890515,0.0311,0.0096,0.050151975683890515,0.7938409493858453,0.7302617733184751,0.9656318473446093
