model_name,name_dataset,bias_level,threshold,data_type,n_S,n_X,n_U,total_samples,ROC_AUC,Accuracy,Precision,Recall,F1_Score,Statistical_Parity_Diff_(ATE),Disparate_Impact_Ratio,Equal_Opportunity_Diff,Pos_Rate_S1,Pos_Rate_S0
CFFair_Oracle,HR_N1000_HighBias_Thresh1.0_Seed1000_BIASED_ALL.csv,HighBias,1.0,BIASED_ALL,2,6,4,1000,0.9566,0.945,0.7778,0.6667,0.7179,0.0729,0.416700005531311,0.1429,0.0521,0.125
CFFair_Oracle,HR_N1000_HighBias_Thresh1.0_Seed1000_FAIR_ALL.csv,HighBias,1.0,FAIR_ALL,2,6,4,1000,0.8007,0.905,0.9184,0.9836,0.9499,0.0169,0.9829000234603882,0.0297,0.9722,0.9891
CFFair_Oracle,HR_N1000_HighBias_Thresh1.0_Seed100_BIASED_ALL.csv,HighBias,1.0,BIASED_ALL,2,6,4,1000,0.9503,0.94,0.7857,0.55,0.6471,0.1346,0.0,0.6111,0.0,0.1346
CFFair_Oracle,HR_N1000_HighBias_Thresh1.0_Seed100_FAIR_ALL.csv,HighBias,1.0,FAIR_ALL,2,6,4,1000,0.7906,0.925,0.9293,0.9946,0.9608,0.0012,1.0011999607086182,0.0114,0.9906,0.9894
CFFair_Oracle,HR_N1000_HighBias_Thresh1.0_Seed1100_BIASED_ALL.csv,HighBias,1.0,BIASED_ALL,2,6,4,1000,0.9713,0.95,0.7895,0.7143,0.75,0.0758,0.4347000122070312,0.1442,0.0583,0.134
CFFair_Oracle,HR_N1000_HighBias_Thresh1.0_Seed1100_FAIR_ALL.csv,HighBias,1.0,FAIR_ALL,2,6,4,1000,0.805,0.915,0.9196,0.9946,0.9556,0.0103,0.9897000193595886,0.011,0.9897,1.0
CFFair_Oracle,HR_N1000_HighBias_Thresh1.0_Seed1200_BIASED_ALL.csv,HighBias,1.0,BIASED_ALL,2,6,4,1000,0.9489,0.935,0.7647,0.5909,0.6667,0.0801,0.3470000028610229,0.1042,0.0426,0.1226
CFFair_Oracle,HR_N1000_HighBias_Thresh1.0_Seed1200_FAIR_ALL.csv,HighBias,1.0,FAIR_ALL,2,6,4,1000,0.7316,0.895,0.899,0.9944,0.9443,0.0177,1.0180000066757202,0.0097,1.0,0.9823
CFFair_Oracle,HR_N1000_HighBias_Thresh1.0_Seed1300_BIASED_ALL.csv,HighBias,1.0,BIASED_ALL,2,6,4,1000,0.9678,0.935,0.7857,0.5238,0.6286,0.0428,0.5338000059127808,0.4333,0.049,0.0918
CFFair_Oracle,HR_N1000_HighBias_Thresh1.0_Seed1300_FAIR_ALL.csv,HighBias,1.0,FAIR_ALL,2,6,4,1000,0.7728,0.91,0.9192,0.9891,0.9529,0.0189,1.0191999673843384,0.0211,1.0,0.9811
CFFair_Oracle,HR_N1000_HighBias_Thresh1.0_Seed1400_BIASED_ALL.csv,HighBias,1.0,BIASED_ALL,2,6,4,1000,0.9651,0.945,0.875,0.6087,0.7179,0.0368,0.6150000095367432,0.3039,0.0588,0.0957
CFFair_Oracle,HR_N1000_HighBias_Thresh1.0_Seed1400_FAIR_ALL.csv,HighBias,1.0,FAIR_ALL,2,6,4,1000,0.7296,0.925,0.9296,0.9946,0.961,0.0096,1.0096999406814575,0.0101,1.0,0.9904
CFFair_Oracle,HR_N1000_HighBias_Thresh1.0_Seed1500_BIASED_ALL.csv,HighBias,1.0,BIASED_ALL,2,6,4,1000,0.9364,0.955,0.8421,0.7273,0.7805,0.0629,0.4832000136375427,0.2286,0.0588,0.1217
CFFair_Oracle,HR_N1000_HighBias_Thresh1.0_Seed1500_FAIR_ALL.csv,HighBias,1.0,FAIR_ALL,2,6,4,1000,0.8596,0.91,0.9095,1.0,0.9526,0.0109,0.9890999794006348,0.0,0.9891,1.0
CFFair_Oracle,HR_N1000_HighBias_Thresh1.0_Seed1600_BIASED_ALL.csv,HighBias,1.0,BIASED_ALL,2,6,4,1000,0.9444,0.92,0.7273,0.381,0.5,0.05,0.375,0.2375,0.03,0.08
CFFair_Oracle,HR_N1000_HighBias_Thresh1.0_Seed1600_FAIR_ALL.csv,HighBias,1.0,FAIR_ALL,2,6,4,1000,0.7917,0.915,0.915,1.0,0.9556,0.0,1.0,0.0,1.0,1.0
CFFair_Oracle,HR_N1000_HighBias_Thresh1.0_Seed1700_BIASED_ALL.csv,HighBias,1.0,BIASED_ALL,2,6,4,1000,0.9733,0.94,0.7273,0.4706,0.5714,0.0689,0.2266999930143356,0.1667,0.0202,0.0891
CFFair_Oracle,HR_N1000_HighBias_Thresh1.0_Seed1700_FAIR_ALL.csv,HighBias,1.0,FAIR_ALL,2,6,4,1000,0.8319,0.915,0.9196,0.9946,0.9556,0.0096,0.9904000163078308,0.0105,0.9904,1.0
CFFair_Oracle,HR_N1000_HighBias_Thresh1.0_Seed1800_BIASED_ALL.csv,HighBias,1.0,BIASED_ALL,2,6,4,1000,0.9758,0.95,0.8571,0.6,0.7059,0.0959,0.1770000010728836,0.125,0.0206,0.1165
CFFair_Oracle,HR_N1000_HighBias_Thresh1.0_Seed1800_FAIR_ALL.csv,HighBias,1.0,FAIR_ALL,2,6,4,1000,0.7332,0.91,0.9141,0.9945,0.9526,0.0185,0.9815000295639038,0.0101,0.9815,1.0
CFFair_Oracle,HR_N1000_HighBias_Thresh1.0_Seed1900_BIASED_ALL.csv,HighBias,1.0,BIASED_ALL,2,6,4,1000,0.9518,0.93,0.6842,0.619,0.65,0.0588,0.5205000042915344,0.2273,0.0638,0.1226
CFFair_Oracle,HR_N1000_HighBias_Thresh1.0_Seed1900_FAIR_ALL.csv,HighBias,1.0,FAIR_ALL,2,6,4,1000,0.7697,0.92,0.9242,0.9946,0.9581,0.0213,0.9786999821662904,0.0119,0.9787,1.0
CFFair_Oracle,HR_N1000_HighBias_Thresh1.0_Seed2000_BIASED_ALL.csv,HighBias,1.0,BIASED_ALL,2,6,4,1000,0.9688,0.945,0.8095,0.7083,0.7556,0.0342,0.7206000089645386,0.0833,0.0882,0.1224
CFFair_Oracle,HR_N1000_HighBias_Thresh1.0_Seed2000_FAIR_ALL.csv,HighBias,1.0,FAIR_ALL,2,6,4,1000,0.8162,0.925,0.9289,0.9946,0.9606,0.0115,1.0118000507354736,0.0112,0.9905,0.9789
CFFair_Oracle,HR_N1000_HighBias_Thresh1.0_Seed200_BIASED_ALL.csv,HighBias,1.0,BIASED_ALL,2,6,4,1000,0.9596,0.935,0.7857,0.5238,0.6286,0.05,2.071000099182129,0.4444,0.0968,0.0467
CFFair_Oracle,HR_N1000_HighBias_Thresh1.0_Seed200_FAIR_ALL.csv,HighBias,1.0,FAIR_ALL,2,6,4,1000,0.6712,0.915,0.9192,0.9945,0.9554,0.0196,1.0199999809265137,0.0108,1.0,0.9804
CFFair_Oracle,HR_N1000_HighBias_Thresh1.0_Seed300_BIASED_ALL.csv,HighBias,1.0,BIASED_ALL,2,6,4,1000,0.9845,0.955,0.7692,0.8696,0.8163,0.08,0.5293999910354614,0.1508,0.09,0.17
CFFair_Oracle,HR_N1000_HighBias_Thresh1.0_Seed300_FAIR_ALL.csv,HighBias,1.0,FAIR_ALL,2,6,4,1000,0.6512,0.915,0.9242,0.9892,0.9556,0.0185,1.0189000368118286,0.0196,1.0,0.9815
CFFair_Oracle,HR_N1000_HighBias_Thresh1.0_Seed400_BIASED_ALL.csv,HighBias,1.0,BIASED_ALL,2,6,4,1000,0.9797,0.945,0.7647,0.65,0.7027,0.1343,0.0763999968767166,0.3725,0.0111,0.1455
CFFair_Oracle,HR_N1000_HighBias_Thresh1.0_Seed400_FAIR_ALL.csv,HighBias,1.0,FAIR_ALL,2,6,4,1000,0.7131,0.925,0.9385,0.9839,0.9606,0.013,1.0134999752044678,0.0084,0.9811,0.9681
CFFair_Oracle,HR_N1000_HighBias_Thresh1.0_Seed500_BIASED_ALL.csv,HighBias,1.0,BIASED_ALL,2,6,4,1000,0.9872,0.96,0.875,0.7,0.7778,0.0968,0.2401999980211258,0.1333,0.0306,0.1275
CFFair_Oracle,HR_N1000_HighBias_Thresh1.0_Seed500_FAIR_ALL.csv,HighBias,1.0,FAIR_ALL,2,6,4,1000,0.8098,0.905,0.9036,1.0,0.9493,0.0135,1.013800024986267,0.0,0.991,0.9775
CFFair_Oracle,HR_N1000_HighBias_Thresh1.0_Seed600_BIASED_ALL.csv,HighBias,1.0,BIASED_ALL,2,6,4,1000,0.9607,0.955,0.8889,0.6957,0.7805,0.0618,0.4900999963283539,0.1692,0.0594,0.1212
CFFair_Oracle,HR_N1000_HighBias_Thresh1.0_Seed600_FAIR_ALL.csv,HighBias,1.0,FAIR_ALL,2,6,4,1000,0.6549,0.92,0.9242,0.9946,0.9581,0.0018,0.998199999332428,0.0098,0.989,0.9908
CFFair_Oracle,HR_N1000_HighBias_Thresh1.0_Seed700_BIASED_ALL.csv,HighBias,1.0,BIASED_ALL,2,6,4,1000,0.9669,0.925,0.619,0.65,0.6341,0.0677,0.4988999962806701,0.2143,0.0674,0.1351
CFFair_Oracle,HR_N1000_HighBias_Thresh1.0_Seed700_FAIR_ALL.csv,HighBias,1.0,FAIR_ALL,2,6,4,1000,0.8223,0.91,0.91,1.0,0.9529,0.0,1.0,0.0,1.0,1.0
CFFair_Oracle,HR_N1000_HighBias_Thresh1.0_Seed800_BIASED_ALL.csv,HighBias,1.0,BIASED_ALL,2,6,4,1000,0.9635,0.955,0.8824,0.6818,0.7692,0.0934,0.2955999970436096,0.25,0.0392,0.1327
CFFair_Oracle,HR_N1000_HighBias_Thresh1.0_Seed800_FAIR_ALL.csv,HighBias,1.0,FAIR_ALL,2,6,4,1000,0.7779,0.915,0.9239,0.9891,0.9554,0.0082,0.991699993610382,0.0019,0.9811,0.9894
CFFair_Oracle,HR_N1000_HighBias_Thresh1.0_Seed900_BIASED_ALL.csv,HighBias,1.0,BIASED_ALL,2,6,4,1000,0.977,0.945,0.9,0.4737,0.6207,0.0071,0.8658999800682068,0.6667,0.046,0.0531
CFFair_Oracle,HR_N1000_HighBias_Thresh1.0_Seed900_FAIR_ALL.csv,HighBias,1.0,FAIR_ALL,2,6,4,1000,0.7412,0.915,0.9196,0.9946,0.9556,0.0103,1.0104000568389893,0.0109,1.0,0.9897
CFFair_Oracle,HR_N1000_HighBias_Thresh2.5_Seed1000_BIASED_ALL.csv,HighBias,2.5,BIASED_ALL,2,6,4,1000,0.9157,0.925,0.5,0.1333,0.2105,0.0364,0.0,0.2,0.0,0.0364
CFFair_Oracle,HR_N1000_HighBias_Thresh2.5_Seed1000_FAIR_ALL.csv,HighBias,2.5,FAIR_ALL,2,6,4,1000,0.7763,0.91,0.91,1.0,0.9529,0.0,1.0,0.0,1.0,1.0
CFFair_Oracle,HR_N1000_HighBias_Thresh2.5_Seed100_BIASED_ALL.csv,HighBias,2.5,BIASED_ALL,2,6,4,1000,0.9384,0.965,1.0,0.5333,0.6957,0.0633,0.1318999975919723,0.6111,0.0096,0.0729
CFFair_Oracle,HR_N1000_HighBias_Thresh2.5_Seed100_FAIR_ALL.csv,HighBias,2.5,FAIR_ALL,2,6,4,1000,0.7345,0.905,0.9184,0.9836,0.9499,0.0049,1.0049999952316284,0.0141,0.9821,0.9773
CFFair_Oracle,HR_N1000_HighBias_Thresh2.5_Seed1100_BIASED_ALL.csv,HighBias,2.5,BIASED_ALL,2,6,4,1000,0.9515,0.945,0.7059,0.6667,0.6857,0.1034,0.2320999950170517,0.4,0.0312,0.1346
CFFair_Oracle,HR_N1000_HighBias_Thresh2.5_Seed1100_FAIR_ALL.csv,HighBias,2.5,FAIR_ALL,2,6,4,1000,0.6386,0.895,0.9086,0.9835,0.9446,0.0094,1.009600043296814,0.0114,0.9898,0.9804
CFFair_Oracle,HR_N1000_HighBias_Thresh2.5_Seed1200_BIASED_ALL.csv,HighBias,2.5,BIASED_ALL,2,6,4,1000,0.9488,0.945,0.75,0.4,0.5217,0.0121,0.733299970626831,0.1364,0.0333,0.0455
CFFair_Oracle,HR_N1000_HighBias_Thresh2.5_Seed1200_FAIR_ALL.csv,HighBias,2.5,FAIR_ALL,2,6,4,1000,0.6509,0.895,0.8985,0.9944,0.944,0.03,0.9700000286102296,0.0115,0.97,1.0
CFFair_Oracle,HR_N1000_HighBias_Thresh2.5_Seed1300_BIASED_ALL.csv,HighBias,2.5,BIASED_ALL,2,6,4,1000,0.9813,0.965,0.8,0.75,0.7742,0.0426,0.5526000261306763,0.1333,0.0526,0.0952
CFFair_Oracle,HR_N1000_HighBias_Thresh2.5_Seed1300_FAIR_ALL.csv,HighBias,2.5,FAIR_ALL,2,6,4,1000,0.7179,0.91,0.9141,0.9945,0.9526,0.0204,1.020799994468689,0.0112,1.0,0.9796
CFFair_Oracle,HR_N1000_HighBias_Thresh2.5_Seed1400_BIASED_ALL.csv,HighBias,2.5,BIASED_ALL,2,6,4,1000,0.899,0.92,0.6,0.3333,0.4286,0.022,0.640500009059906,0.0779,0.0392,0.0612
CFFair_Oracle,HR_N1000_HighBias_Thresh2.5_Seed1400_FAIR_ALL.csv,HighBias,2.5,FAIR_ALL,2,6,4,1000,0.6804,0.905,0.9188,0.9837,0.9501,0.0088,0.991100013256073,0.0112,0.9808,0.9896
CFFair_Oracle,HR_N1000_HighBias_Thresh2.5_Seed1500_BIASED_ALL.csv,HighBias,2.5,BIASED_ALL,2,6,4,1000,0.927,0.935,0.6364,0.4375,0.5185,0.1028,0.0,0.5385,0.0,0.1028
CFFair_Oracle,HR_N1000_HighBias_Thresh2.5_Seed1500_FAIR_ALL.csv,HighBias,2.5,FAIR_ALL,2,6,4,1000,0.7311,0.855,0.9037,0.9389,0.921,0.0084,0.991100013256073,0.0133,0.9302,0.9386
CFFair_Oracle,HR_N1000_HighBias_Thresh2.5_Seed1600_BIASED_ALL.csv,HighBias,2.5,BIASED_ALL,2,6,4,1000,0.9524,0.93,0.5385,0.4667,0.5,0.058,0.39410001039505,0.0556,0.0377,0.0957
CFFair_Oracle,HR_N1000_HighBias_Thresh2.5_Seed1600_FAIR_ALL.csv,HighBias,2.5,FAIR_ALL,2,6,4,1000,0.826,0.915,0.9146,1.0,0.9554,0.0096,1.0096999406814575,0.0,1.0,0.9904
CFFair_Oracle,HR_N1000_HighBias_Thresh2.5_Seed1700_BIASED_ALL.csv,HighBias,2.5,BIASED_ALL,2,6,4,1000,0.9443,0.96,0.875,0.5,0.6364,0.0561,0.1579000055789947,0.5385,0.0105,0.0667
CFFair_Oracle,HR_N1000_HighBias_Thresh2.5_Seed1700_FAIR_ALL.csv,HighBias,2.5,FAIR_ALL,2,6,4,1000,0.6879,0.91,0.9188,0.9891,0.9526,0.0303,0.9696999788284302,0.0225,0.9697,1.0
CFFair_Oracle,HR_N1000_HighBias_Thresh2.5_Seed1800_BIASED_ALL.csv,HighBias,2.5,BIASED_ALL,2,6,4,1000,0.9711,0.94,0.6667,0.5,0.5714,0.0128,0.8054999709129333,0.2667,0.0532,0.066
CFFair_Oracle,HR_N1000_HighBias_Thresh2.5_Seed1800_FAIR_ALL.csv,HighBias,2.5,FAIR_ALL,2,6,4,1000,0.7709,0.905,0.905,1.0,0.9501,0.0,1.0,0.0,1.0,1.0
CFFair_Oracle,HR_N1000_HighBias_Thresh2.5_Seed1900_BIASED_ALL.csv,HighBias,2.5,BIASED_ALL,2,6,4,1000,0.9405,0.955,0.7143,0.6667,0.6897,0.0959,0.1770000010728836,0.3571,0.0206,0.1165
CFFair_Oracle,HR_N1000_HighBias_Thresh2.5_Seed1900_FAIR_ALL.csv,HighBias,2.5,FAIR_ALL,2,6,4,1000,0.6618,0.905,0.9184,0.9836,0.9499,0.0225,0.977299988269806,0.0133,0.9681,0.9906
CFFair_Oracle,HR_N1000_HighBias_Thresh2.5_Seed2000_BIASED_ALL.csv,HighBias,2.5,BIASED_ALL,2,6,4,1000,0.947,0.935,0.6111,0.6471,0.6286,0.1112,0.2533999979496002,0.375,0.0377,0.1489
CFFair_Oracle,HR_N1000_HighBias_Thresh2.5_Seed2000_FAIR_ALL.csv,HighBias,2.5,FAIR_ALL,2,6,4,1000,0.7792,0.895,0.9219,0.9672,0.944,0.0416,1.0442999601364136,0.0448,0.9804,0.9388
CFFair_Oracle,HR_N1000_HighBias_Thresh2.5_Seed200_BIASED_ALL.csv,HighBias,2.5,BIASED_ALL,2,6,4,1000,0.9592,0.92,0.5294,0.5294,0.5294,0.0032,0.9629999995231628,0.3833,0.0833,0.0865
CFFair_Oracle,HR_N1000_HighBias_Thresh2.5_Seed200_FAIR_ALL.csv,HighBias,2.5,FAIR_ALL,2,6,4,1000,0.6982,0.89,0.9077,0.9779,0.9415,0.0125,1.0128999948501587,0.0012,0.981,0.9684
CFFair_Oracle,HR_N1000_HighBias_Thresh2.5_Seed300_BIASED_ALL.csv,HighBias,2.5,BIASED_ALL,2,6,4,1000,0.9605,0.955,0.8333,0.5882,0.6897,0.06,0.3332999944686889,0.1364,0.03,0.09
CFFair_Oracle,HR_N1000_HighBias_Thresh2.5_Seed300_FAIR_ALL.csv,HighBias,2.5,FAIR_ALL,2,6,4,1000,0.6149,0.915,0.915,1.0,0.9556,0.0,1.0,0.0,1.0,1.0
CFFair_Oracle,HR_N1000_HighBias_Thresh2.5_Seed400_BIASED_ALL.csv,HighBias,2.5,BIASED_ALL,2,6,4,1000,0.9705,0.945,0.6667,0.5333,0.5926,0.0931,0.1024999991059303,0.0385,0.0106,0.1038
CFFair_Oracle,HR_N1000_HighBias_Thresh2.5_Seed400_FAIR_ALL.csv,HighBias,2.5,FAIR_ALL,2,6,4,1000,0.6654,0.92,0.9242,0.9946,0.9581,0.0012,0.9987999796867372,0.0115,0.9894,0.9906
CFFair_Oracle,HR_N1000_HighBias_Thresh2.5_Seed500_BIASED_ALL.csv,HighBias,2.5,BIASED_ALL,2,6,4,1000,0.9701,0.955,0.8,0.5333,0.64,0.0561,0.2707999944686889,0.0455,0.0208,0.0769
CFFair_Oracle,HR_N1000_HighBias_Thresh2.5_Seed500_FAIR_ALL.csv,HighBias,2.5,FAIR_ALL,2,6,4,1000,0.8759,0.89,0.8889,1.0,0.9412,0.0204,0.9796000123023988,0.0,0.9796,1.0
CFFair_Oracle,HR_N1000_HighBias_Thresh2.5_Seed600_BIASED_ALL.csv,HighBias,2.5,BIASED_ALL,2,6,4,1000,0.982,0.95,0.8,0.5,0.6154,0.069,0.1413999944925308,0.2051,0.0114,0.0804
CFFair_Oracle,HR_N1000_HighBias_Thresh2.5_Seed600_FAIR_ALL.csv,HighBias,2.5,FAIR_ALL,2,6,4,1000,0.8332,0.925,0.9246,1.0,0.9608,0.0102,0.989799976348877,0.0,0.9898,1.0
CFFair_Oracle,HR_N1000_HighBias_Thresh2.5_Seed700_BIASED_ALL.csv,HighBias,2.5,BIASED_ALL,2,6,4,1000,0.9572,0.94,0.6667,0.5,0.5714,0.0824,0.1922000050544738,0.2667,0.0196,0.102
CFFair_Oracle,HR_N1000_HighBias_Thresh2.5_Seed700_FAIR_ALL.csv,HighBias,2.5,FAIR_ALL,2,6,4,1000,0.7665,0.91,0.9184,0.989,0.9524,0.0225,0.977299988269806,0.0238,0.9681,0.9906
CFFair_Oracle,HR_N1000_HighBias_Thresh2.5_Seed800_BIASED_ALL.csv,HighBias,2.5,BIASED_ALL,2,6,4,1000,0.9834,0.955,1.0,0.4,0.5714,0.0536,0.0,0.5,0.0,0.0536
CFFair_Oracle,HR_N1000_HighBias_Thresh2.5_Seed800_FAIR_ALL.csv,HighBias,2.5,FAIR_ALL,2,6,4,1000,0.7494,0.91,0.91,1.0,0.9529,0.0,1.0,0.0,1.0,1.0
CFFair_Oracle,HR_N1000_HighBias_Thresh2.5_Seed900_BIASED_ALL.csv,HighBias,2.5,BIASED_ALL,2,6,4,1000,0.9872,0.96,0.7273,0.6154,0.6667,0.0789,0.1247000023722648,0.3667,0.0112,0.0901
CFFair_Oracle,HR_N1000_HighBias_Thresh2.5_Seed900_FAIR_ALL.csv,HighBias,2.5,FAIR_ALL,2,6,4,1000,0.7332,0.915,0.915,1.0,0.9556,0.0,1.0,0.0,1.0,1.0
CFFair_Oracle,HR_N1000_LowBias_Thresh1.0_Seed1000_BIASED_ALL.csv,LowBias,1.0,BIASED_ALL,2,6,4,1000,0.804,0.78,0.8098,0.9103,0.8571,0.1283,0.8529999852180481,0.0203,0.7444,0.8727
CFFair_Oracle,HR_N1000_LowBias_Thresh1.0_Seed1000_FAIR_ALL.csv,LowBias,1.0,FAIR_ALL,2,6,4,1000,0.7967,0.91,0.9219,0.9833,0.9516,0.0241,0.9751999974250792,0.0138,0.9474,0.9714
CFFair_Oracle,HR_N1000_LowBias_Thresh1.0_Seed100_BIASED_ALL.csv,LowBias,1.0,BIASED_ALL,2,6,4,1000,0.7944,0.775,0.8158,0.8794,0.8464,0.0256,0.9668999910354614,0.0692,0.7476,0.7732
CFFair_Oracle,HR_N1000_LowBias_Thresh1.0_Seed100_FAIR_ALL.csv,LowBias,1.0,FAIR_ALL,2,6,4,1000,0.6708,0.92,0.9196,1.0,0.9581,0.0088,0.9911999702453612,0.0,0.9912,1.0
CFFair_Oracle,HR_N1000_LowBias_Thresh1.0_Seed1100_BIASED_ALL.csv,LowBias,1.0,BIASED_ALL,2,6,4,1000,0.7671,0.77,0.7836,0.9371,0.8535,0.0037,1.0042999982833862,0.0189,0.8571,0.8534
CFFair_Oracle,HR_N1000_LowBias_Thresh1.0_Seed1100_FAIR_ALL.csv,LowBias,1.0,FAIR_ALL,2,6,4,1000,0.6932,0.91,0.9184,0.989,0.9524,0.018,1.0185999870300293,0.0007,0.9895,0.9714
CFFair_Oracle,HR_N1000_LowBias_Thresh1.0_Seed1200_BIASED_ALL.csv,LowBias,1.0,BIASED_ALL,2,6,4,1000,0.7402,0.74,0.7701,0.9178,0.8375,0.1099,0.8804000020027161,0.1094,0.809,0.9189
CFFair_Oracle,HR_N1000_LowBias_Thresh1.0_Seed1200_FAIR_ALL.csv,LowBias,1.0,FAIR_ALL,2,6,4,1000,0.7288,0.885,0.8889,0.9944,0.9387,0.0183,1.0187000036239624,0.0102,1.0,0.9817
CFFair_Oracle,HR_N1000_LowBias_Thresh1.0_Seed1300_BIASED_ALL.csv,LowBias,1.0,BIASED_ALL,2,6,4,1000,0.7509,0.74,0.8025,0.8571,0.8289,0.0072,0.9908999800682068,0.0155,0.7812,0.7885
CFFair_Oracle,HR_N1000_LowBias_Thresh1.0_Seed1300_FAIR_ALL.csv,LowBias,1.0,FAIR_ALL,2,6,4,1000,0.7637,0.91,0.91,1.0,0.9529,0.0,1.0,0.0,1.0,1.0
CFFair_Oracle,HR_N1000_LowBias_Thresh1.0_Seed1400_BIASED_ALL.csv,LowBias,1.0,BIASED_ALL,2,6,4,1000,0.7863,0.73,0.7919,0.8369,0.8138,0.0797,0.8988000154495239,0.0402,0.7075,0.7872
CFFair_Oracle,HR_N1000_LowBias_Thresh1.0_Seed1400_FAIR_ALL.csv,LowBias,1.0,FAIR_ALL,2,6,4,1000,0.7891,0.915,0.9196,0.9946,0.9556,0.0105,0.9894999861717224,0.0118,0.9895,1.0
CFFair_Oracle,HR_N1000_LowBias_Thresh1.0_Seed1500_BIASED_ALL.csv,LowBias,1.0,BIASED_ALL,2,6,4,1000,0.7442,0.705,0.7368,0.9,0.8103,0.0364,0.958199977874756,0.0521,0.8352,0.8716
CFFair_Oracle,HR_N1000_LowBias_Thresh1.0_Seed1500_FAIR_ALL.csv,LowBias,1.0,FAIR_ALL,2,6,4,1000,0.7768,0.9,0.9036,0.9944,0.9468,0.0071,1.007200002670288,0.0122,0.9889,0.9818
CFFair_Oracle,HR_N1000_LowBias_Thresh1.0_Seed1600_BIASED_ALL.csv,LowBias,1.0,BIASED_ALL,2,6,4,1000,0.7698,0.73,0.7515,0.9051,0.8212,0.0291,0.965399980545044,0.0555,0.8113,0.8404
CFFair_Oracle,HR_N1000_LowBias_Thresh1.0_Seed1600_FAIR_ALL.csv,LowBias,1.0,FAIR_ALL,2,6,4,1000,0.8636,0.91,0.91,1.0,0.9529,0.0,1.0,0.0,1.0,1.0
CFFair_Oracle,HR_N1000_LowBias_Thresh1.0_Seed1700_BIASED_ALL.csv,LowBias,1.0,BIASED_ALL,2,6,4,1000,0.7271,0.74,0.7927,0.8784,0.8333,0.0164,0.9801999926567078,0.0033,0.8119,0.8283
CFFair_Oracle,HR_N1000_LowBias_Thresh1.0_Seed1700_FAIR_ALL.csv,LowBias,1.0,FAIR_ALL,2,6,4,1000,0.804,0.91,0.9184,0.989,0.9524,0.018,0.9818000197410583,0.0005,0.9714,0.9895
CFFair_Oracle,HR_N1000_LowBias_Thresh1.0_Seed1800_BIASED_ALL.csv,LowBias,1.0,BIASED_ALL,2,6,4,1000,0.7438,0.76,0.7939,0.9034,0.8452,0.0146,0.9825000166893004,0.0841,0.8172,0.8318
CFFair_Oracle,HR_N1000_LowBias_Thresh1.0_Seed1800_FAIR_ALL.csv,LowBias,1.0,FAIR_ALL,2,6,4,1000,0.7267,0.895,0.9077,0.9833,0.944,0.0055,0.9943000078201294,0.0079,0.9725,0.978
CFFair_Oracle,HR_N1000_LowBias_Thresh1.0_Seed1900_BIASED_ALL.csv,LowBias,1.0,BIASED_ALL,2,6,4,1000,0.8087,0.77,0.787,0.9301,0.8526,0.0042,0.9951000213623048,0.0362,0.8427,0.8468
CFFair_Oracle,HR_N1000_LowBias_Thresh1.0_Seed1900_FAIR_ALL.csv,LowBias,1.0,FAIR_ALL,2,6,4,1000,0.7117,0.915,0.9235,0.9891,0.9551,0.0036,0.9962999820709229,0.0025,0.978,0.9817
CFFair_Oracle,HR_N1000_LowBias_Thresh1.0_Seed2000_BIASED_ALL.csv,LowBias,1.0,BIASED_ALL,2,6,4,1000,0.7419,0.69,0.7289,0.8768,0.7961,0.0268,1.0327999591827393,0.0909,0.8431,0.8163
CFFair_Oracle,HR_N1000_LowBias_Thresh1.0_Seed2000_FAIR_ALL.csv,LowBias,1.0,FAIR_ALL,2,6,4,1000,0.7869,0.905,0.9137,0.989,0.9499,0.0316,1.0326000452041626,0.0235,1.0,0.9684
CFFair_Oracle,HR_N1000_LowBias_Thresh1.0_Seed200_BIASED_ALL.csv,LowBias,1.0,BIASED_ALL,2,6,4,1000,0.7782,0.76,0.7764,0.9124,0.8389,0.0228,0.972100019454956,0.0064,0.7944,0.8172
CFFair_Oracle,HR_N1000_LowBias_Thresh1.0_Seed200_FAIR_ALL.csv,LowBias,1.0,FAIR_ALL,2,6,4,1000,0.7851,0.905,0.9133,0.989,0.9496,0.0192,1.0197999477386477,0.0213,0.9898,0.9706
CFFair_Oracle,HR_N1000_LowBias_Thresh1.0_Seed300_BIASED_ALL.csv,LowBias,1.0,BIASED_ALL,2,6,4,1000,0.7887,0.755,0.7879,0.9028,0.8414,0.0217,1.0267000198364258,0.0247,0.8349,0.8132
CFFair_Oracle,HR_N1000_LowBias_Thresh1.0_Seed300_FAIR_ALL.csv,LowBias,1.0,FAIR_ALL,2,6,4,1000,0.6101,0.9,0.9223,0.9727,0.9468,0.0631,1.0672999620437622,0.0485,1.0,0.9369
CFFair_Oracle,HR_N1000_LowBias_Thresh1.0_Seed400_BIASED_ALL.csv,LowBias,1.0,BIASED_ALL,2,6,4,1000,0.7845,0.78,0.7809,0.9653,0.8634,0.0556,0.9394000172615052,0.0446,0.8627,0.9184
CFFair_Oracle,HR_N1000_LowBias_Thresh1.0_Seed400_FAIR_ALL.csv,LowBias,1.0,FAIR_ALL,2,6,4,1000,0.7408,0.93,0.9337,0.9946,0.9632,0.0225,1.0232000350952148,0.0105,0.9906,0.9681
CFFair_Oracle,HR_N1000_LowBias_Thresh1.0_Seed500_BIASED_ALL.csv,LowBias,1.0,BIASED_ALL,2,6,4,1000,0.7363,0.73,0.775,0.8732,0.8212,0.0808,0.9042999744415284,0.1203,0.7636,0.8444
CFFair_Oracle,HR_N1000_LowBias_Thresh1.0_Seed500_FAIR_ALL.csv,LowBias,1.0,FAIR_ALL,2,6,4,1000,0.7372,0.885,0.8969,0.9831,0.938,0.0182,0.9814000129699708,0.0326,0.9612,0.9794
CFFair_Oracle,HR_N1000_LowBias_Thresh1.0_Seed600_BIASED_ALL.csv,LowBias,1.0,BIASED_ALL,2,6,4,1000,0.7886,0.74,0.784,0.8819,0.8301,0.0162,0.9801999926567078,0.0351,0.802,0.8182
CFFair_Oracle,HR_N1000_LowBias_Thresh1.0_Seed600_FAIR_ALL.csv,LowBias,1.0,FAIR_ALL,2,6,4,1000,0.7367,0.92,0.9196,1.0,0.9581,0.0105,1.010599970817566,0.0,1.0,0.9895
CFFair_Oracle,HR_N1000_LowBias_Thresh1.0_Seed700_BIASED_ALL.csv,LowBias,1.0,BIASED_ALL,2,6,4,1000,0.7654,0.765,0.7931,0.9262,0.8545,0.0723,0.9203000068664552,0.0393,0.835,0.9072
CFFair_Oracle,HR_N1000_LowBias_Thresh1.0_Seed700_FAIR_ALL.csv,LowBias,1.0,FAIR_ALL,2,6,4,1000,0.6496,0.905,0.9091,0.9945,0.9499,0.0024,0.9975000023841858,0.0132,0.9886,0.9911
CFFair_Oracle,HR_N1000_LowBias_Thresh1.0_Seed800_BIASED_ALL.csv,LowBias,1.0,BIASED_ALL,2,6,4,1000,0.7656,0.76,0.7892,0.9097,0.8452,0.0747,0.9135000109672546,0.0193,0.7889,0.8636
CFFair_Oracle,HR_N1000_LowBias_Thresh1.0_Seed800_FAIR_ALL.csv,LowBias,1.0,FAIR_ALL,2,6,4,1000,0.7515,0.905,0.9141,0.9891,0.9501,0.0002,0.9998000264167786,0.0004,0.9899,0.9901
CFFair_Oracle,HR_N1000_LowBias_Thresh1.0_Seed900_BIASED_ALL.csv,LowBias,1.0,BIASED_ALL,2,6,4,1000,0.7879,0.735,0.7778,0.8811,0.8262,0.0,1.0,0.019,0.81,0.81
CFFair_Oracle,HR_N1000_LowBias_Thresh1.0_Seed900_FAIR_ALL.csv,LowBias,1.0,FAIR_ALL,2,6,4,1000,0.7695,0.905,0.9137,0.989,0.9499,0.0085,0.9914000034332277,0.0007,0.981,0.9895
CFFair_Oracle,HR_N1000_LowBias_Thresh2.5_Seed1000_BIASED_ALL.csv,LowBias,2.5,BIASED_ALL,2,6,4,1000,0.7614,0.785,0.7927,0.9353,0.8581,0.0491,0.9416999816894532,0.0034,0.7935,0.8426
CFFair_Oracle,HR_N1000_LowBias_Thresh2.5_Seed1000_FAIR_ALL.csv,LowBias,2.5,FAIR_ALL,2,6,4,1000,0.83,0.91,0.9128,0.9944,0.9519,0.013,0.9866999983787536,0.0102,0.9681,0.9811
CFFair_Oracle,HR_N1000_LowBias_Thresh2.5_Seed100_BIASED_ALL.csv,LowBias,2.5,BIASED_ALL,2,6,4,1000,0.8401,0.83,0.8552,0.9051,0.8794,0.0445,0.940500020980835,0.0188,0.703,0.7475
CFFair_Oracle,HR_N1000_LowBias_Thresh2.5_Seed100_FAIR_ALL.csv,LowBias,2.5,FAIR_ALL,2,6,4,1000,0.724,0.905,0.905,1.0,0.9501,0.0,1.0,0.0,1.0,1.0
CFFair_Oracle,HR_N1000_LowBias_Thresh2.5_Seed1100_BIASED_ALL.csv,LowBias,2.5,BIASED_ALL,2,6,4,1000,0.7679,0.75,0.7633,0.9281,0.8377,0.0331,1.0399999618530271,0.0504,0.8614,0.8283
CFFair_Oracle,HR_N1000_LowBias_Thresh2.5_Seed1100_FAIR_ALL.csv,LowBias,2.5,FAIR_ALL,2,6,4,1000,0.6519,0.895,0.9124,0.9779,0.944,0.0317,1.0332000255584717,0.0172,0.9882,0.9565
CFFair_Oracle,HR_N1000_LowBias_Thresh2.5_Seed1200_BIASED_ALL.csv,LowBias,2.5,BIASED_ALL,2,6,4,1000,0.7896,0.765,0.7866,0.9149,0.8459,0.0728,0.915000021457672,0.0444,0.7843,0.8571
CFFair_Oracle,HR_N1000_LowBias_Thresh2.5_Seed1200_FAIR_ALL.csv,LowBias,2.5,FAIR_ALL,2,6,4,1000,0.6607,0.88,0.8878,0.9886,0.9355,0.0008,1.0008000135421753,0.0008,0.9804,0.9796
CFFair_Oracle,HR_N1000_LowBias_Thresh2.5_Seed1300_BIASED_ALL.csv,LowBias,2.5,BIASED_ALL,2,6,4,1000,0.7245,0.725,0.7697,0.8819,0.822,0.059,0.9312000274658204,0.0351,0.7982,0.8571
CFFair_Oracle,HR_N1000_LowBias_Thresh2.5_Seed1300_FAIR_ALL.csv,LowBias,2.5,FAIR_ALL,2,6,4,1000,0.7456,0.905,0.9045,1.0,0.9499,0.0086,0.9914000034332277,0.0,0.9914,1.0
CFFair_Oracle,HR_N1000_LowBias_Thresh2.5_Seed1400_BIASED_ALL.csv,LowBias,2.5,BIASED_ALL,2,6,4,1000,0.6981,0.705,0.7453,0.8696,0.8027,0.106,0.8758000135421753,0.1274,0.7473,0.8532
CFFair_Oracle,HR_N1000_LowBias_Thresh2.5_Seed1400_FAIR_ALL.csv,LowBias,2.5,FAIR_ALL,2,6,4,1000,0.695,0.895,0.9133,0.9781,0.9446,0.0374,0.9625999927520752,0.0404,0.9626,1.0
CFFair_Oracle,HR_N1000_LowBias_Thresh2.5_Seed1500_BIASED_ALL.csv,LowBias,2.5,BIASED_ALL,2,6,4,1000,0.7395,0.72,0.7439,0.8971,0.8133,0.0454,0.9459999799728394,0.0621,0.7957,0.8411
CFFair_Oracle,HR_N1000_LowBias_Thresh2.5_Seed1500_FAIR_ALL.csv,LowBias,2.5,FAIR_ALL,2,6,4,1000,0.751,0.895,0.899,0.9944,0.9443,0.0233,0.9767000079154968,0.0133,0.9767,1.0
CFFair_Oracle,HR_N1000_LowBias_Thresh2.5_Seed1600_BIASED_ALL.csv,LowBias,2.5,BIASED_ALL,2,6,4,1000,0.7845,0.735,0.7842,0.8258,0.8044,0.0997,0.8665000200271606,0.0864,0.6476,0.7474
CFFair_Oracle,HR_N1000_LowBias_Thresh2.5_Seed1600_FAIR_ALL.csv,LowBias,2.5,FAIR_ALL,2,6,4,1000,0.8139,0.9,0.9045,0.9945,0.9474,0.0094,0.9905999898910522,0.0104,0.9906,1.0
CFFair_Oracle,HR_N1000_LowBias_Thresh2.5_Seed1700_BIASED_ALL.csv,LowBias,2.5,BIASED_ALL,2,6,4,1000,0.7491,0.765,0.7939,0.9097,0.8479,0.03,1.0369999408721924,0.0089,0.84,0.81
CFFair_Oracle,HR_N1000_LowBias_Thresh2.5_Seed1700_FAIR_ALL.csv,LowBias,2.5,FAIR_ALL,2,6,4,1000,0.7769,0.91,0.9133,0.9944,0.9521,0.0008,0.9991999864578248,0.0109,0.9796,0.9804
CFFair_Oracle,HR_N1000_LowBias_Thresh2.5_Seed1800_BIASED_ALL.csv,LowBias,2.5,BIASED_ALL,2,6,4,1000,0.6847,0.695,0.7263,0.9155,0.81,0.0227,0.975000023841858,0.0587,0.883,0.9057
CFFair_Oracle,HR_N1000_LowBias_Thresh2.5_Seed1800_FAIR_ALL.csv,LowBias,2.5,FAIR_ALL,2,6,4,1000,0.7643,0.895,0.899,0.9944,0.9443,0.0213,0.9786999821662904,0.0122,0.9787,1.0
CFFair_Oracle,HR_N1000_LowBias_Thresh2.5_Seed1900_BIASED_ALL.csv,LowBias,2.5,BIASED_ALL,2,6,4,1000,0.7789,0.74,0.7778,0.8686,0.8207,0.0479,0.9391000270843506,0.0632,0.7391,0.787
CFFair_Oracle,HR_N1000_LowBias_Thresh2.5_Seed1900_FAIR_ALL.csv,LowBias,2.5,FAIR_ALL,2,6,4,1000,0.6999,0.89,0.9167,0.967,0.9412,0.0294,1.031000018119812,0.0135,0.9767,0.9474
CFFair_Oracle,HR_N1000_LowBias_Thresh2.5_Seed2000_BIASED_ALL.csv,LowBias,2.5,BIASED_ALL,2,6,4,1000,0.7668,0.74,0.7733,0.8657,0.8169,0.085,0.8927000164985657,0.0202,0.7071,0.7921
CFFair_Oracle,HR_N1000_LowBias_Thresh2.5_Seed2000_FAIR_ALL.csv,LowBias,2.5,FAIR_ALL,2,6,4,1000,0.7775,0.895,0.9077,0.9833,0.944,0.013,1.0134999752044678,0.0142,0.9811,0.9681
CFFair_Oracle,HR_N1000_LowBias_Thresh2.5_Seed200_BIASED_ALL.csv,LowBias,2.5,BIASED_ALL,2,6,4,1000,0.8052,0.79,0.7898,0.9323,0.8552,0.0845,0.8981999754905701,0.0762,0.7453,0.8298
CFFair_Oracle,HR_N1000_LowBias_Thresh2.5_Seed200_FAIR_ALL.csv,LowBias,2.5,FAIR_ALL,2,6,4,1000,0.7119,0.89,0.9026,0.9832,0.9412,0.007,1.007200002670288,0.0316,0.9787,0.9717
CFFair_Oracle,HR_N1000_LowBias_Thresh2.5_Seed300_BIASED_ALL.csv,LowBias,2.5,BIASED_ALL,2,6,4,1000,0.7812,0.725,0.7692,0.8633,0.8136,0.0293,0.963100016117096,0.0334,0.7664,0.7957
CFFair_Oracle,HR_N1000_LowBias_Thresh2.5_Seed300_FAIR_ALL.csv,LowBias,2.5,FAIR_ALL,2,6,4,1000,0.6028,0.88,0.9067,0.9669,0.9358,0.0232,1.0242999792099,0.0364,0.9778,0.9545
CFFair_Oracle,HR_N1000_LowBias_Thresh2.5_Seed400_BIASED_ALL.csv,LowBias,2.5,BIASED_ALL,2,6,4,1000,0.7789,0.74,0.75,0.9429,0.8354,0.0596,0.9343000054359436,0.022,0.8478,0.9074
CFFair_Oracle,HR_N1000_LowBias_Thresh2.5_Seed400_FAIR_ALL.csv,LowBias,2.5,FAIR_ALL,2,6,4,1000,0.6487,0.915,0.9192,0.9945,0.9554,0.0004,0.9995999932289124,0.0111,0.9898,0.9902
CFFair_Oracle,HR_N1000_LowBias_Thresh2.5_Seed500_BIASED_ALL.csv,LowBias,2.5,BIASED_ALL,2,6,4,1000,0.7444,0.685,0.7403,0.8321,0.7835,0.0076,0.9901000261306764,0.0611,0.766,0.7736
CFFair_Oracle,HR_N1000_LowBias_Thresh2.5_Seed500_FAIR_ALL.csv,LowBias,2.5,FAIR_ALL,2,6,4,1000,0.8149,0.885,0.8878,0.9943,0.938,0.0012,0.9987999796867372,0.0106,0.9794,0.9806
CFFair_Oracle,HR_N1000_LowBias_Thresh2.5_Seed600_BIASED_ALL.csv,LowBias,2.5,BIASED_ALL,2,6,4,1000,0.7212,0.71,0.7412,0.9,0.8129,0.015,0.9825000166893004,0.0375,0.8421,0.8571
CFFair_Oracle,HR_N1000_LowBias_Thresh2.5_Seed600_FAIR_ALL.csv,LowBias,2.5,FAIR_ALL,2,6,4,1000,0.7322,0.905,0.905,1.0,0.9501,0.0,1.0,0.0,1.0,1.0
CFFair_Oracle,HR_N1000_LowBias_Thresh2.5_Seed700_BIASED_ALL.csv,LowBias,2.5,BIASED_ALL,2,6,4,1000,0.7386,0.76,0.787,0.9172,0.8471,0.1148,0.873199999332428,0.1026,0.7905,0.9053
CFFair_Oracle,HR_N1000_LowBias_Thresh2.5_Seed700_FAIR_ALL.csv,LowBias,2.5,FAIR_ALL,2,6,4,1000,0.7153,0.905,0.9045,1.0,0.9499,0.0097,0.9902999997138976,0.0,0.9903,1.0
CFFair_Oracle,HR_N1000_LowBias_Thresh2.5_Seed800_BIASED_ALL.csv,LowBias,2.5,BIASED_ALL,2,6,4,1000,0.7465,0.745,0.7616,0.9291,0.8371,0.0427,0.9514999985694884,0.0484,0.837,0.8796
CFFair_Oracle,HR_N1000_LowBias_Thresh2.5_Seed800_FAIR_ALL.csv,LowBias,2.5,FAIR_ALL,2,6,4,1000,0.617,0.895,0.9082,0.9834,0.9443,0.018,0.9818000197410583,0.0094,0.9714,0.9895
CFFair_Oracle,HR_N1000_LowBias_Thresh2.5_Seed900_BIASED_ALL.csv,LowBias,2.5,BIASED_ALL,2,6,4,1000,0.7458,0.735,0.756,0.9137,0.8274,0.0346,0.9596999883651732,0.0177,0.8241,0.8587
CFFair_Oracle,HR_N1000_LowBias_Thresh2.5_Seed900_FAIR_ALL.csv,LowBias,2.5,FAIR_ALL,2,6,4,1000,0.7931,0.905,0.9045,1.0,0.9499,0.0098,1.0098999738693235,0.0,1.0,0.9902
CFFair_Oracle,HR_N1000_MedBias_Thresh1.0_Seed1000_BIASED_ALL.csv,MedBias,1.0,BIASED_ALL,2,6,4,1000,0.8926,0.79,0.7538,0.6533,0.7,0.1251,0.6735000014305115,0.0139,0.2581,0.3832
CFFair_Oracle,HR_N1000_MedBias_Thresh1.0_Seed1000_FAIR_ALL.csv,MedBias,1.0,FAIR_ALL,2,6,4,1000,0.8502,0.93,0.9326,0.9945,0.9626,0.0121,0.987500011920929,0.0118,0.9588,0.9709
CFFair_Oracle,HR_N1000_MedBias_Thresh1.0_Seed100_BIASED_ALL.csv,MedBias,1.0,BIASED_ALL,2,6,4,1000,0.8969,0.85,0.8,0.7536,0.7761,0.0035,0.989300012588501,0.1545,0.3232,0.3267
CFFair_Oracle,HR_N1000_MedBias_Thresh1.0_Seed100_FAIR_ALL.csv,MedBias,1.0,FAIR_ALL,2,6,4,1000,0.8655,0.92,0.9242,0.9946,0.9581,0.0012,0.9987999796867372,0.0103,0.9894,0.9906
CFFair_Oracle,HR_N1000_MedBias_Thresh1.0_Seed1100_BIASED_ALL.csv,MedBias,1.0,BIASED_ALL,2,6,4,1000,0.8897,0.84,0.8438,0.7105,0.7714,0.0928,0.7473000288009644,0.0398,0.2745,0.3673
CFFair_Oracle,HR_N1000_MedBias_Thresh1.0_Seed1100_FAIR_ALL.csv,MedBias,1.0,FAIR_ALL,2,6,4,1000,0.7042,0.91,0.9141,0.9945,0.9526,0.0225,0.977500021457672,0.0123,0.9775,1.0
CFFair_Oracle,HR_N1000_MedBias_Thresh1.0_Seed1200_BIASED_ALL.csv,MedBias,1.0,BIASED_ALL,2,6,4,1000,0.8848,0.805,0.7778,0.7089,0.7417,0.08,0.800000011920929,0.0327,0.32,0.4
CFFair_Oracle,HR_N1000_MedBias_Thresh1.0_Seed1200_FAIR_ALL.csv,MedBias,1.0,FAIR_ALL,2,6,4,1000,0.6952,0.89,0.8894,1.0,0.9415,0.0095,1.009600043296814,0.0,1.0,0.9905
CFFair_Oracle,HR_N1000_MedBias_Thresh1.0_Seed1300_BIASED_ALL.csv,MedBias,1.0,BIASED_ALL,2,6,4,1000,0.8388,0.785,0.7755,0.5429,0.6387,0.0089,0.964299976825714,0.0261,0.2411,0.25
CFFair_Oracle,HR_N1000_MedBias_Thresh1.0_Seed1300_FAIR_ALL.csv,MedBias,1.0,FAIR_ALL,2,6,4,1000,0.7586,0.92,0.9196,1.0,0.9581,0.0101,0.98989999294281,0.0,0.9899,1.0
CFFair_Oracle,HR_N1000_MedBias_Thresh1.0_Seed1400_BIASED_ALL.csv,MedBias,1.0,BIASED_ALL,2,6,4,1000,0.843,0.77,0.7246,0.6494,0.6849,0.1494,0.6363999843597412,0.0354,0.2614,0.4107
CFFair_Oracle,HR_N1000_MedBias_Thresh1.0_Seed1400_FAIR_ALL.csv,MedBias,1.0,FAIR_ALL,2,6,4,1000,0.7867,0.915,0.9196,0.9946,0.9556,0.0104,0.9896000027656556,0.0118,0.9896,1.0
CFFair_Oracle,HR_N1000_MedBias_Thresh1.0_Seed1500_BIASED_ALL.csv,MedBias,1.0,BIASED_ALL,2,6,4,1000,0.8496,0.795,0.7619,0.6486,0.7007,0.1364,0.6363999843597412,0.0673,0.2386,0.375
CFFair_Oracle,HR_N1000_MedBias_Thresh1.0_Seed1500_FAIR_ALL.csv,MedBias,1.0,FAIR_ALL,2,6,4,1000,0.8058,0.885,0.8985,0.9833,0.939,0.0316,0.9684000015258788,0.0366,0.9684,1.0
CFFair_Oracle,HR_N1000_MedBias_Thresh1.0_Seed1600_BIASED_ALL.csv,MedBias,1.0,BIASED_ALL,2,6,4,1000,0.8553,0.79,0.7077,0.6667,0.6866,0.1096,0.7127000093460083,0.0,0.2718,0.3814
CFFair_Oracle,HR_N1000_MedBias_Thresh1.0_Seed1600_FAIR_ALL.csv,MedBias,1.0,FAIR_ALL,2,6,4,1000,0.8023,0.92,0.9196,1.0,0.9581,0.0099,1.0099999904632568,0.0,1.0,0.9901
CFFair_Oracle,HR_N1000_MedBias_Thresh1.0_Seed1700_BIASED_ALL.csv,MedBias,1.0,BIASED_ALL,2,6,4,1000,0.8811,0.775,0.7547,0.5556,0.64,0.1131,0.6531000137329102,0.0437,0.213,0.3261
CFFair_Oracle,HR_N1000_MedBias_Thresh1.0_Seed1700_FAIR_ALL.csv,MedBias,1.0,FAIR_ALL,2,6,4,1000,0.7985,0.915,0.9192,0.9945,0.9554,0.0198,0.9801999926567078,0.0111,0.9802,1.0
CFFair_Oracle,HR_N1000_MedBias_Thresh1.0_Seed1800_BIASED_ALL.csv,MedBias,1.0,BIASED_ALL,2,6,4,1000,0.8661,0.79,0.7097,0.6471,0.6769,0.105,0.7121000289916992,0.1765,0.2596,0.3646
CFFair_Oracle,HR_N1000_MedBias_Thresh1.0_Seed1800_FAIR_ALL.csv,MedBias,1.0,FAIR_ALL,2,6,4,1000,0.7799,0.905,0.9091,0.9945,0.9499,0.0008,1.0008000135421753,0.0104,0.9904,0.9896
CFFair_Oracle,HR_N1000_MedBias_Thresh1.0_Seed1900_BIASED_ALL.csv,MedBias,1.0,BIASED_ALL,2,6,4,1000,0.8241,0.765,0.6825,0.6143,0.6466,0.0626,0.8195000290870667,0.1876,0.2843,0.3469
CFFair_Oracle,HR_N1000_MedBias_Thresh1.0_Seed1900_FAIR_ALL.csv,MedBias,1.0,FAIR_ALL,2,6,4,1000,0.7181,0.895,0.9175,0.9727,0.9443,0.0206,1.0214999914169312,0.0313,0.9802,0.9596
CFFair_Oracle,HR_N1000_MedBias_Thresh1.0_Seed2000_BIASED_ALL.csv,MedBias,1.0,BIASED_ALL,2,6,4,1000,0.877,0.81,0.7778,0.7179,0.7467,0.109,0.7384999990463257,0.2197,0.3077,0.4167
CFFair_Oracle,HR_N1000_MedBias_Thresh1.0_Seed2000_FAIR_ALL.csv,MedBias,1.0,FAIR_ALL,2,6,4,1000,0.7753,0.895,0.9175,0.9727,0.9443,0.02,1.020799994468689,0.0325,0.98,0.96
CFFair_Oracle,HR_N1000_MedBias_Thresh1.0_Seed200_BIASED_ALL.csv,MedBias,1.0,BIASED_ALL,2,6,4,1000,0.8781,0.78,0.7358,0.5652,0.6393,0.0953,0.6955999732017517,0.2623,0.2178,0.3131
CFFair_Oracle,HR_N1000_MedBias_Thresh1.0_Seed200_FAIR_ALL.csv,MedBias,1.0,FAIR_ALL,2,6,4,1000,0.7833,0.91,0.9141,0.9945,0.9526,0.0185,0.9815000295639038,0.0104,0.9815,1.0
CFFair_Oracle,HR_N1000_MedBias_Thresh1.0_Seed300_BIASED_ALL.csv,MedBias,1.0,BIASED_ALL,2,6,4,1000,0.9063,0.845,0.8077,0.7975,0.8025,0.2,0.6000000238418579,0.0798,0.3,0.5
CFFair_Oracle,HR_N1000_MedBias_Thresh1.0_Seed300_FAIR_ALL.csv,MedBias,1.0,FAIR_ALL,2,6,4,1000,0.7439,0.92,0.92,1.0,0.9583,0.0,1.0,0.0,1.0,1.0
CFFair_Oracle,HR_N1000_MedBias_Thresh1.0_Seed400_BIASED_ALL.csv,MedBias,1.0,BIASED_ALL,2,6,4,1000,0.8816,0.83,0.7857,0.6667,0.7213,0.186,0.5110999941825867,0.0212,0.1944,0.3804
CFFair_Oracle,HR_N1000_MedBias_Thresh1.0_Seed400_FAIR_ALL.csv,MedBias,1.0,FAIR_ALL,2,6,4,1000,0.6182,0.91,0.9235,0.9837,0.9526,0.0036,0.9962999820709229,0.0142,0.978,0.9817
CFFair_Oracle,HR_N1000_MedBias_Thresh1.0_Seed500_BIASED_ALL.csv,MedBias,1.0,BIASED_ALL,2,6,4,1000,0.8301,0.8,0.7097,0.6667,0.6875,0.06,0.8234999775886536,0.1415,0.28,0.34
CFFair_Oracle,HR_N1000_MedBias_Thresh1.0_Seed500_FAIR_ALL.csv,MedBias,1.0,FAIR_ALL,2,6,4,1000,0.7502,0.89,0.8934,0.9944,0.9412,0.0115,1.0118000507354736,0.0106,0.9905,0.9789
CFFair_Oracle,HR_N1000_MedBias_Thresh1.0_Seed600_BIASED_ALL.csv,MedBias,1.0,BIASED_ALL,2,6,4,1000,0.8999,0.835,0.8136,0.6857,0.7442,0.1152,0.666100025177002,0.1119,0.2299,0.3451
CFFair_Oracle,HR_N1000_MedBias_Thresh1.0_Seed600_FAIR_ALL.csv,MedBias,1.0,FAIR_ALL,2,6,4,1000,0.7221,0.915,0.9196,0.9946,0.9556,0.0103,1.0104000568389893,0.011,1.0,0.9897
CFFair_Oracle,HR_N1000_MedBias_Thresh1.0_Seed700_BIASED_ALL.csv,MedBias,1.0,BIASED_ALL,2,6,4,1000,0.8592,0.79,0.7463,0.6667,0.7042,0.1912,0.5468000173568726,0.1874,0.2308,0.422
CFFair_Oracle,HR_N1000_MedBias_Thresh1.0_Seed700_FAIR_ALL.csv,MedBias,1.0,FAIR_ALL,2,6,4,1000,0.7063,0.9,0.9045,0.9945,0.9474,0.0109,0.9890999794006348,0.0118,0.9891,1.0
CFFair_Oracle,HR_N1000_MedBias_Thresh1.0_Seed800_BIASED_ALL.csv,MedBias,1.0,BIASED_ALL,2,6,4,1000,0.896,0.835,0.7846,0.7286,0.7556,0.0357,1.1157000064849854,0.0549,0.3441,0.3084
CFFair_Oracle,HR_N1000_MedBias_Thresh1.0_Seed800_FAIR_ALL.csv,MedBias,1.0,FAIR_ALL,2,6,4,1000,0.7403,0.92,0.9239,0.9945,0.9579,0.0112,0.9886999726295472,0.0108,0.9792,0.9904
CFFair_Oracle,HR_N1000_MedBias_Thresh1.0_Seed900_BIASED_ALL.csv,MedBias,1.0,BIASED_ALL,2,6,4,1000,0.9243,0.855,0.8393,0.7015,0.7642,0.0888,0.7253999710083008,0.0394,0.2347,0.3235
CFFair_Oracle,HR_N1000_MedBias_Thresh1.0_Seed900_FAIR_ALL.csv,MedBias,1.0,FAIR_ALL,2,6,4,1000,0.8087,0.915,0.915,1.0,0.9556,0.0,1.0,0.0,1.0,1.0
CFFair_Oracle,HR_N1000_MedBias_Thresh2.5_Seed1000_BIASED_ALL.csv,MedBias,2.5,BIASED_ALL,2,6,4,1000,0.866,0.805,0.6957,0.7273,0.7111,0.113,0.722000002861023,0.1048,0.2936,0.4066
CFFair_Oracle,HR_N1000_MedBias_Thresh2.5_Seed1000_FAIR_ALL.csv,MedBias,2.5,FAIR_ALL,2,6,4,1000,0.8344,0.91,0.9133,0.9944,0.9521,0.0004,0.9995999932289124,0.0114,0.9798,0.9802
CFFair_Oracle,HR_N1000_MedBias_Thresh2.5_Seed100_BIASED_ALL.csv,MedBias,2.5,BIASED_ALL,2,6,4,1000,0.8133,0.775,0.6512,0.4828,0.5545,0.0214,0.9050999879837036,0.0024,0.2041,0.2255
CFFair_Oracle,HR_N1000_MedBias_Thresh2.5_Seed100_FAIR_ALL.csv,MedBias,2.5,FAIR_ALL,2,6,4,1000,0.6291,0.92,0.9196,1.0,0.9581,0.0093,0.9907000064849854,0.0,0.9907,1.0
CFFair_Oracle,HR_N1000_MedBias_Thresh2.5_Seed1100_BIASED_ALL.csv,MedBias,2.5,BIASED_ALL,2,6,4,1000,0.8442,0.785,0.7308,0.5672,0.6387,0.2246,0.3912000060081482,0.139,0.1443,0.3689
CFFair_Oracle,HR_N1000_MedBias_Thresh2.5_Seed1100_FAIR_ALL.csv,MedBias,2.5,FAIR_ALL,2,6,4,1000,0.6418,0.89,0.9077,0.9779,0.9415,0.0377,0.961899995803833,0.0288,0.9535,0.9912
CFFair_Oracle,HR_N1000_MedBias_Thresh2.5_Seed1200_BIASED_ALL.csv,MedBias,2.5,BIASED_ALL,2,6,4,1000,0.88,0.8,0.7586,0.6286,0.6875,0.0885,0.7319999933242798,0.0017,0.2418,0.3303
CFFair_Oracle,HR_N1000_MedBias_Thresh2.5_Seed1200_FAIR_ALL.csv,MedBias,2.5,FAIR_ALL,2,6,4,1000,0.6361,0.885,0.8883,0.9943,0.9383,0.0128,1.013100028038025,0.0123,0.9908,0.978
CFFair_Oracle,HR_N1000_MedBias_Thresh2.5_Seed1300_BIASED_ALL.csv,MedBias,2.5,BIASED_ALL,2,6,4,1000,0.8146,0.785,0.6809,0.5333,0.5981,0.0406,1.1894999742507937,0.0311,0.2549,0.2143
CFFair_Oracle,HR_N1000_MedBias_Thresh2.5_Seed1300_FAIR_ALL.csv,MedBias,2.5,FAIR_ALL,2,6,4,1000,0.7459,0.91,0.9095,1.0,0.9526,0.0097,0.9902999997138976,0.0,0.9903,1.0
CFFair_Oracle,HR_N1000_MedBias_Thresh2.5_Seed1400_BIASED_ALL.csv,MedBias,2.5,BIASED_ALL,2,6,4,1000,0.8098,0.775,0.7143,0.5303,0.6087,0.0797,0.722599983215332,0.1122,0.2075,0.2872
CFFair_Oracle,HR_N1000_MedBias_Thresh2.5_Seed1400_FAIR_ALL.csv,MedBias,2.5,FAIR_ALL,2,6,4,1000,0.7554,0.915,0.9192,0.9945,0.9554,0.019,0.9810000061988832,0.0104,0.981,1.0
CFFair_Oracle,HR_N1000_MedBias_Thresh2.5_Seed1500_BIASED_ALL.csv,MedBias,2.5,BIASED_ALL,2,6,4,1000,0.8359,0.77,0.7647,0.4062,0.5306,0.0502,0.7434999942779541,0.0745,0.1456,0.1959
CFFair_Oracle,HR_N1000_MedBias_Thresh2.5_Seed1500_FAIR_ALL.csv,MedBias,2.5,FAIR_ALL,2,6,4,1000,0.8505,0.895,0.9031,0.9888,0.944,0.0024,0.9975000023841858,0.0233,0.9787,0.9811
CFFair_Oracle,HR_N1000_MedBias_Thresh2.5_Seed1600_BIASED_ALL.csv,MedBias,2.5,BIASED_ALL,2,6,4,1000,0.8408,0.8,0.75,0.4655,0.5745,0.0292,0.8495000004768372,0.0299,0.1649,0.1942
CFFair_Oracle,HR_N1000_MedBias_Thresh2.5_Seed1600_FAIR_ALL.csv,MedBias,2.5,FAIR_ALL,2,6,4,1000,0.7866,0.91,0.9095,1.0,0.9526,0.0099,1.0099999904632568,0.0,1.0,0.9901
CFFair_Oracle,HR_N1000_MedBias_Thresh2.5_Seed1700_BIASED_ALL.csv,MedBias,2.5,BIASED_ALL,2,6,4,1000,0.8723,0.81,0.7556,0.5574,0.6415,0.1114,0.6100999712944031,0.329,0.1743,0.2857
CFFair_Oracle,HR_N1000_MedBias_Thresh2.5_Seed1700_FAIR_ALL.csv,MedBias,2.5,FAIR_ALL,2,6,4,1000,0.7627,0.91,0.9095,1.0,0.9526,0.0091,0.9908999800682068,0.0,0.9909,1.0
CFFair_Oracle,HR_N1000_MedBias_Thresh2.5_Seed1800_BIASED_ALL.csv,MedBias,2.5,BIASED_ALL,2,6,4,1000,0.8619,0.825,0.7949,0.5345,0.6392,0.0012,1.0061999559402466,0.0345,0.1957,0.1944
CFFair_Oracle,HR_N1000_MedBias_Thresh2.5_Seed1800_FAIR_ALL.csv,MedBias,2.5,FAIR_ALL,2,6,4,1000,0.7542,0.895,0.899,0.9944,0.9443,0.0029,1.002900004386902,0.0097,0.9912,0.9884
CFFair_Oracle,HR_N1000_MedBias_Thresh2.5_Seed1900_BIASED_ALL.csv,MedBias,2.5,BIASED_ALL,2,6,4,1000,0.8588,0.79,0.7,0.4828,0.5714,0.108,0.5764999985694885,0.0294,0.1471,0.2551
CFFair_Oracle,HR_N1000_MedBias_Thresh2.5_Seed1900_FAIR_ALL.csv,MedBias,2.5,FAIR_ALL,2,6,4,1000,0.7741,0.89,0.9119,0.9724,0.9412,0.0199,1.020900011062622,0.0016,0.9765,0.9565
CFFair_Oracle,HR_N1000_MedBias_Thresh2.5_Seed2000_BIASED_ALL.csv,MedBias,2.5,BIASED_ALL,2,6,4,1000,0.8317,0.77,0.6909,0.5672,0.623,0.1122,0.6635000109672546,0.1364,0.2212,0.3333
CFFair_Oracle,HR_N1000_MedBias_Thresh2.5_Seed2000_FAIR_ALL.csv,MedBias,2.5,FAIR_ALL,2,6,4,1000,0.8369,0.9,0.9086,0.989,0.9471,0.0333,1.034500002861023,0.0247,1.0,0.9667
CFFair_Oracle,HR_N1000_MedBias_Thresh2.5_Seed200_BIASED_ALL.csv,MedBias,2.5,BIASED_ALL,2,6,4,1000,0.8343,0.75,0.6111,0.5323,0.569,0.1039,0.6815000176429749,0.2258,0.2222,0.3261
CFFair_Oracle,HR_N1000_MedBias_Thresh2.5_Seed200_FAIR_ALL.csv,MedBias,2.5,FAIR_ALL,2,6,4,1000,0.7497,0.905,0.9215,0.9778,0.9488,0.0145,0.9848999977111816,0.0193,0.9474,0.9619
CFFair_Oracle,HR_N1000_MedBias_Thresh2.5_Seed300_BIASED_ALL.csv,MedBias,2.5,BIASED_ALL,2,6,4,1000,0.8603,0.79,0.7258,0.6429,0.6818,0.0912,0.7451000213623047,0.045,0.2667,0.3579
CFFair_Oracle,HR_N1000_MedBias_Thresh2.5_Seed300_FAIR_ALL.csv,MedBias,2.5,FAIR_ALL,2,6,4,1000,0.6404,0.91,0.91,1.0,0.9529,0.0,1.0,0.0,1.0,1.0
CFFair_Oracle,HR_N1000_MedBias_Thresh2.5_Seed400_BIASED_ALL.csv,MedBias,2.5,BIASED_ALL,2,6,4,1000,0.8254,0.795,0.6739,0.5439,0.6019,0.1284,0.5566999912261963,0.1044,0.1613,0.2897
CFFair_Oracle,HR_N1000_MedBias_Thresh2.5_Seed400_FAIR_ALL.csv,MedBias,2.5,FAIR_ALL,2,6,4,1000,0.6291,0.915,0.9192,0.9945,0.9554,0.0033,0.9966999888420104,0.013,0.9881,0.9914
CFFair_Oracle,HR_N1000_MedBias_Thresh2.5_Seed500_BIASED_ALL.csv,MedBias,2.5,BIASED_ALL,2,6,4,1000,0.8721,0.83,0.7778,0.5932,0.6731,0.099,0.6348000168800354,0.1486,0.172,0.271
CFFair_Oracle,HR_N1000_MedBias_Thresh2.5_Seed500_FAIR_ALL.csv,MedBias,2.5,FAIR_ALL,2,6,4,1000,0.8258,0.89,0.8923,0.9943,0.9405,0.031,0.9686999917030334,0.0109,0.9592,0.9902
CFFair_Oracle,HR_N1000_MedBias_Thresh2.5_Seed600_BIASED_ALL.csv,MedBias,2.5,BIASED_ALL,2,6,4,1000,0.8262,0.79,0.6552,0.6333,0.6441,0.1087,0.6797999739646912,0.0571,0.2308,0.3394
CFFair_Oracle,HR_N1000_MedBias_Thresh2.5_Seed600_FAIR_ALL.csv,MedBias,2.5,FAIR_ALL,2,6,4,1000,0.8016,0.91,0.9141,0.9945,0.9526,0.018,1.0183000564575195,0.0098,1.0,0.982
CFFair_Oracle,HR_N1000_MedBias_Thresh2.5_Seed700_BIASED_ALL.csv,MedBias,2.5,BIASED_ALL,2,6,4,1000,0.8268,0.76,0.6406,0.6212,0.6308,0.1747,0.5674999952316284,0.1905,0.2292,0.4038
CFFair_Oracle,HR_N1000_MedBias_Thresh2.5_Seed700_FAIR_ALL.csv,MedBias,2.5,FAIR_ALL,2,6,4,1000,0.6703,0.9,0.9128,0.9834,0.9468,0.01,0.989799976348877,0.0109,0.97,0.98
CFFair_Oracle,HR_N1000_MedBias_Thresh2.5_Seed800_BIASED_ALL.csv,MedBias,2.5,BIASED_ALL,2,6,4,1000,0.8436,0.76,0.6667,0.5,0.5714,0.1345,0.5649999976158142,0.0313,0.1748,0.3093
CFFair_Oracle,HR_N1000_MedBias_Thresh2.5_Seed800_FAIR_ALL.csv,MedBias,2.5,FAIR_ALL,2,6,4,1000,0.7476,0.91,0.9141,0.9945,0.9526,0.0016,0.9983999729156494,0.0103,0.9891,0.9907
CFFair_Oracle,HR_N1000_MedBias_Thresh2.5_Seed900_BIASED_ALL.csv,MedBias,2.5,BIASED_ALL,2,6,4,1000,0.8626,0.815,0.7209,0.5536,0.6263,0.1365,0.5087000131607056,0.1608,0.1413,0.2778
CFFair_Oracle,HR_N1000_MedBias_Thresh2.5_Seed900_FAIR_ALL.csv,MedBias,2.5,FAIR_ALL,2,6,4,1000,0.6111,0.91,0.91,1.0,0.9529,0.0,1.0,0.0,1.0,1.0
CFFair_Oracle,HR_N1000_PolicyDom_Thresh1.0_Seed1000_BIASED_ALL.csv,PolicyDom,1.0,BIASED_ALL,2,6,4,1000,0.9911,0.98,0.5,0.25,0.3333,0.0183,0.0,0.25,0.0,0.0183
CFFair_Oracle,HR_N1000_PolicyDom_Thresh1.0_Seed1000_FAIR_ALL.csv,PolicyDom,1.0,FAIR_ALL,2,6,4,1000,0.7928,0.92,0.9227,0.9944,0.9572,0.0231,0.9764999747276306,0.012,0.9579,0.981
CFFair_Oracle,HR_N1000_PolicyDom_Thresh1.0_Seed100_BIASED_ALL.csv,PolicyDom,1.0,BIASED_ALL,2,6,4,1000,0.9888,0.975,0.6667,0.3333,0.4444,0.0106,0.4803999960422516,0.6667,0.0098,0.0204
CFFair_Oracle,HR_N1000_PolicyDom_Thresh1.0_Seed100_FAIR_ALL.csv,PolicyDom,1.0,FAIR_ALL,2,6,4,1000,0.6464,0.92,0.9196,1.0,0.9581,0.0088,0.9911999702453612,0.0,0.9912,1.0
CFFair_Oracle,HR_N1000_PolicyDom_Thresh1.0_Seed1100_BIASED_ALL.csv,PolicyDom,1.0,BIASED_ALL,2,6,4,1000,0.988,0.975,0.6,0.5,0.5455,0.0208,2.25,0.3333,0.0375,0.0167
CFFair_Oracle,HR_N1000_PolicyDom_Thresh1.0_Seed1100_FAIR_ALL.csv,PolicyDom,1.0,FAIR_ALL,2,6,4,1000,0.696,0.905,0.9179,0.9835,0.9496,0.0075,1.007699966430664,0.0121,0.9789,0.9714
CFFair_Oracle,HR_N1000_PolicyDom_Thresh1.0_Seed1200_BIASED_ALL.csv,PolicyDom,1.0,BIASED_ALL,2,6,4,1000,1.0,0.995,1.0,0.8,0.8889,0.0184,0.3610999882221222,0.25,0.0104,0.0288
CFFair_Oracle,HR_N1000_PolicyDom_Thresh1.0_Seed1200_FAIR_ALL.csv,PolicyDom,1.0,FAIR_ALL,2,6,4,1000,0.7377,0.885,0.8889,0.9944,0.9387,0.0183,1.0187000036239624,0.0102,1.0,0.9817
CFFair_Oracle,HR_N1000_PolicyDom_Thresh1.0_Seed1300_BIASED_ALL.csv,PolicyDom,1.0,BIASED_ALL,2,6,4,1000,0.9923,0.985,1.0,0.25,0.4,0.0094,inf,0.5,0.0094,0.0
CFFair_Oracle,HR_N1000_PolicyDom_Thresh1.0_Seed1300_FAIR_ALL.csv,PolicyDom,1.0,FAIR_ALL,2,6,4,1000,0.7506,0.91,0.91,1.0,0.9529,0.0,1.0,0.0,1.0,1.0
CFFair_Oracle,HR_N1000_PolicyDom_Thresh1.0_Seed1400_BIASED_ALL.csv,PolicyDom,1.0,BIASED_ALL,2,6,4,1000,0.9897,0.99,1.0,0.6667,0.8,0.0012,1.061900019645691,0.5,0.0206,0.0194
CFFair_Oracle,HR_N1000_PolicyDom_Thresh1.0_Seed1400_FAIR_ALL.csv,PolicyDom,1.0,FAIR_ALL,2,6,4,1000,0.7772,0.92,0.92,1.0,0.9583,0.0,1.0,0.0,1.0,1.0
CFFair_Oracle,HR_N1000_PolicyDom_Thresh1.0_Seed1500_BIASED_ALL.csv,PolicyDom,1.0,BIASED_ALL,2,6,4,1000,0.963,0.965,0.2,0.25,0.2222,0.009,0.6938999891281128,1.0,0.0204,0.0294
CFFair_Oracle,HR_N1000_PolicyDom_Thresh1.0_Seed1500_FAIR_ALL.csv,PolicyDom,1.0,FAIR_ALL,2,6,4,1000,0.7965,0.89,0.9026,0.9832,0.9412,0.0152,0.9846000075340272,0.0366,0.9667,0.9818
CFFair_Oracle,HR_N1000_PolicyDom_Thresh1.0_Seed1600_BIASED_ALL.csv,PolicyDom,1.0,BIASED_ALL,2,6,4,1000,0.9796,0.985,1.0,0.25,0.4,0.0098,0.0,0.5,0.0,0.0098
CFFair_Oracle,HR_N1000_PolicyDom_Thresh1.0_Seed1600_FAIR_ALL.csv,PolicyDom,1.0,FAIR_ALL,2,6,4,1000,0.8654,0.915,0.9146,1.0,0.9554,0.0094,1.0095000267028809,0.0,1.0,0.9906
CFFair_Oracle,HR_N1000_PolicyDom_Thresh1.0_Seed1700_BIASED_ALL.csv,PolicyDom,1.0,BIASED_ALL,2,6,4,1000,0.9289,0.985,0.5,0.3333,0.4,0.02,0.0,0.3333,0.0,0.02
CFFair_Oracle,HR_N1000_PolicyDom_Thresh1.0_Seed1700_FAIR_ALL.csv,PolicyDom,1.0,FAIR_ALL,2,6,4,1000,0.8046,0.905,0.9137,0.989,0.9499,0.0085,0.9914000034332277,0.0005,0.981,0.9895
CFFair_Oracle,HR_N1000_PolicyDom_Thresh1.0_Seed1800_BIASED_ALL.csv,PolicyDom,1.0,BIASED_ALL,2,6,4,1000,0.9848,0.98,0.3333,0.3333,0.3333,0.0122,0.4345999956130981,0.3333,0.0093,0.0215
CFFair_Oracle,HR_N1000_PolicyDom_Thresh1.0_Seed1800_FAIR_ALL.csv,PolicyDom,1.0,FAIR_ALL,2,6,4,1000,0.7478,0.905,0.9045,1.0,0.9499,0.0092,0.9908000230789183,0.0,0.9908,1.0
CFFair_Oracle,HR_N1000_PolicyDom_Thresh1.0_Seed1900_BIASED_ALL.csv,PolicyDom,1.0,BIASED_ALL,2,6,4,1000,0.9877,0.98,0.6,0.6,0.6,0.0257,0.2994999885559082,0.75,0.011,0.0367
CFFair_Oracle,HR_N1000_PolicyDom_Thresh1.0_Seed1900_FAIR_ALL.csv,PolicyDom,1.0,FAIR_ALL,2,6,4,1000,0.6692,0.915,0.9278,0.9836,0.9549,0.0054,0.9944000244140624,0.0073,0.967,0.9725
CFFair_Oracle,HR_N1000_PolicyDom_Thresh1.0_Seed2000_BIASED_ALL.csv,PolicyDom,1.0,BIASED_ALL,2,6,4,1000,0.9785,0.99,1.0,0.6,0.75,0.0141,0.3849999904632568,0.1667,0.0088,0.023
CFFair_Oracle,HR_N1000_PolicyDom_Thresh1.0_Seed2000_FAIR_ALL.csv,PolicyDom,1.0,FAIR_ALL,2,6,4,1000,0.7952,0.905,0.9137,0.989,0.9499,0.0316,1.0326000452041626,0.0235,1.0,0.9684
CFFair_Oracle,HR_N1000_PolicyDom_Thresh1.0_Seed200_BIASED_ALL.csv,PolicyDom,1.0,BIASED_ALL,2,6,4,1000,0.9763,0.985,0.0,0.0,0.0,0.0,inf,0.0,0.0,0.0
CFFair_Oracle,HR_N1000_PolicyDom_Thresh1.0_Seed200_FAIR_ALL.csv,PolicyDom,1.0,FAIR_ALL,2,6,4,1000,0.7624,0.905,0.9133,0.989,0.9496,0.0192,1.0197999477386477,0.0213,0.9898,0.9706
CFFair_Oracle,HR_N1000_PolicyDom_Thresh1.0_Seed300_BIASED_ALL.csv,PolicyDom,1.0,BIASED_ALL,2,6,4,1000,0.9872,0.98,0.5,0.25,0.3333,0.0189,0.0,0.5,0.0,0.0189
CFFair_Oracle,HR_N1000_PolicyDom_Thresh1.0_Seed300_FAIR_ALL.csv,PolicyDom,1.0,FAIR_ALL,2,6,4,1000,0.6091,0.905,0.9227,0.9781,0.9496,0.0541,1.0571000576019287,0.0388,1.0,0.9459
CFFair_Oracle,HR_N1000_PolicyDom_Thresh1.0_Seed400_BIASED_ALL.csv,PolicyDom,1.0,BIASED_ALL,2,6,4,1000,0.9987,0.995,1.0,0.75,0.8571,0.0097,0.5101000070571899,0.3333,0.0101,0.0198
CFFair_Oracle,HR_N1000_PolicyDom_Thresh1.0_Seed400_FAIR_ALL.csv,PolicyDom,1.0,FAIR_ALL,2,6,4,1000,0.7323,0.925,0.9289,0.9946,0.9606,0.0118,1.0120999813079834,0.0105,0.9906,0.9787
CFFair_Oracle,HR_N1000_PolicyDom_Thresh1.0_Seed500_BIASED_ALL.csv,PolicyDom,1.0,BIASED_ALL,2,6,4,1000,0.9959,0.99,0.7143,1.0,0.8333,0.0051,0.8629000186920166,0.0,0.0323,0.0374
CFFair_Oracle,HR_N1000_PolicyDom_Thresh1.0_Seed500_FAIR_ALL.csv,PolicyDom,1.0,FAIR_ALL,2,6,4,1000,0.7347,0.89,0.8974,0.9887,0.9409,0.0085,0.9912999868392944,0.0217,0.9709,0.9794
CFFair_Oracle,HR_N1000_PolicyDom_Thresh1.0_Seed600_BIASED_ALL.csv,PolicyDom,1.0,BIASED_ALL,2,6,4,1000,0.9931,0.985,1.0,0.5,0.6667,0.0062,0.649399995803833,0.0,0.0115,0.0177
CFFair_Oracle,HR_N1000_PolicyDom_Thresh1.0_Seed600_FAIR_ALL.csv,PolicyDom,1.0,FAIR_ALL,2,6,4,1000,0.7374,0.92,0.9196,1.0,0.9581,0.0105,1.010599970817566,0.0,1.0,0.9895
CFFair_Oracle,HR_N1000_PolicyDom_Thresh1.0_Seed700_BIASED_ALL.csv,PolicyDom,1.0,BIASED_ALL,2,6,4,1000,0.9874,0.975,0.75,0.4286,0.5455,0.0177,0.375900000333786,0.1,0.0106,0.0283
CFFair_Oracle,HR_N1000_PolicyDom_Thresh1.0_Seed700_FAIR_ALL.csv,PolicyDom,1.0,FAIR_ALL,2,6,4,1000,0.6583,0.905,0.9091,0.9945,0.9499,0.0024,0.9975000023841858,0.0132,0.9886,0.9911
CFFair_Oracle,HR_N1000_PolicyDom_Thresh1.0_Seed800_BIASED_ALL.csv,PolicyDom,1.0,BIASED_ALL,2,6,4,1000,0.9923,0.98,0.5,0.5,0.5,0.0196,0.3400999903678894,0.0,0.0101,0.0297
CFFair_Oracle,HR_N1000_PolicyDom_Thresh1.0_Seed800_FAIR_ALL.csv,PolicyDom,1.0,FAIR_ALL,2,6,4,1000,0.7682,0.92,0.9239,0.9945,0.9579,0.0103,0.9896000027656556,0.0108,0.9798,0.9901
CFFair_Oracle,HR_N1000_PolicyDom_Thresh1.0_Seed900_BIASED_ALL.csv,PolicyDom,1.0,BIASED_ALL,2,6,4,1000,0.9949,0.99,0.5,0.5,0.5,0.0189,0.0,1.0,0.0,0.0189
CFFair_Oracle,HR_N1000_PolicyDom_Thresh1.0_Seed900_FAIR_ALL.csv,PolicyDom,1.0,FAIR_ALL,2,6,4,1000,0.7937,0.905,0.9095,0.9945,0.9501,0.0095,0.9904999732971193,0.0106,0.9905,1.0
CFFair_Oracle,HR_N1000_PolicyDom_Thresh2.5_Seed1000_BIASED_ALL.csv,PolicyDom,2.5,BIASED_ALL,2,6,4,1000,0.9497,0.995,0.0,0.0,0.0,0.0,inf,0.0,0.0,0.0
CFFair_Oracle,HR_N1000_PolicyDom_Thresh2.5_Seed1000_FAIR_ALL.csv,PolicyDom,2.5,FAIR_ALL,2,6,4,1000,0.8258,0.915,0.9133,1.0,0.9547,0.0225,0.977299988269806,0.0,0.9681,0.9906
CFFair_Oracle,HR_N1000_PolicyDom_Thresh2.5_Seed100_BIASED_ALL.csv,PolicyDom,2.5,BIASED_ALL,2,6,4,1000,0.912,0.99,1.0,0.3333,0.5,0.0094,0.0,0.3333,0.0,0.0094
CFFair_Oracle,HR_N1000_PolicyDom_Thresh2.5_Seed100_FAIR_ALL.csv,PolicyDom,2.5,FAIR_ALL,2,6,4,1000,0.7171,0.905,0.905,1.0,0.9501,0.0,1.0,0.0,1.0,1.0
CFFair_Oracle,HR_N1000_PolicyDom_Thresh2.5_Seed1100_BIASED_ALL.csv,PolicyDom,2.5,BIASED_ALL,2,6,4,1000,0.9898,0.995,1.0,0.6667,0.8,0.0204,0.0,0.6667,0.0,0.0204
CFFair_Oracle,HR_N1000_PolicyDom_Thresh2.5_Seed1100_FAIR_ALL.csv,PolicyDom,2.5,FAIR_ALL,2,6,4,1000,0.6735,0.905,0.9133,0.989,0.9496,0.0143,1.0147000551223757,0.0026,0.9882,0.9739
CFFair_Oracle,HR_N1000_PolicyDom_Thresh2.5_Seed1200_BIASED_ALL.csv,PolicyDom,2.5,BIASED_ALL,2,6,4,1000,0.9834,0.985,0.6667,0.5,0.5714,0.028,0.0,0.6667,0.0,0.028
CFFair_Oracle,HR_N1000_PolicyDom_Thresh2.5_Seed1200_FAIR_ALL.csv,PolicyDom,2.5,FAIR_ALL,2,6,4,1000,0.6619,0.885,0.8883,0.9943,0.9383,0.0106,1.010800004005432,0.0118,0.9902,0.9796
CFFair_Oracle,HR_N1000_PolicyDom_Thresh2.5_Seed1300_BIASED_ALL.csv,PolicyDom,2.5,BIASED_ALL,2,6,4,1000,1.0,1.0,1.0,1.0,1.0,0.0152,0.3621000051498413,0.0,0.0086,0.0238
CFFair_Oracle,HR_N1000_PolicyDom_Thresh2.5_Seed1300_FAIR_ALL.csv,PolicyDom,2.5,FAIR_ALL,2,6,4,1000,0.7408,0.905,0.9045,1.0,0.9499,0.0086,0.9914000034332277,0.0,0.9914,1.0
CFFair_Oracle,HR_N1000_PolicyDom_Thresh2.5_Seed1400_BIASED_ALL.csv,PolicyDom,2.5,BIASED_ALL,2,6,4,1000,0.9067,0.985,1.0,0.4,0.5714,0.0006,1.061900019645691,0.75,0.0103,0.0097
CFFair_Oracle,HR_N1000_PolicyDom_Thresh2.5_Seed1400_FAIR_ALL.csv,PolicyDom,2.5,FAIR_ALL,2,6,4,1000,0.7097,0.91,0.9146,0.9945,0.9529,0.0093,0.9907000064849854,0.0101,0.9907,1.0
CFFair_Oracle,HR_N1000_PolicyDom_Thresh2.5_Seed1500_BIASED_ALL.csv,PolicyDom,2.5,BIASED_ALL,2,6,4,1000,0.9571,0.99,0.0,0.0,0.0,0.0,inf,0.0,0.0,0.0
CFFair_Oracle,HR_N1000_PolicyDom_Thresh2.5_Seed1500_FAIR_ALL.csv,PolicyDom,2.5,FAIR_ALL,2,6,4,1000,0.7385,0.895,0.899,0.9944,0.9443,0.0233,0.9767000079154968,0.0133,0.9767,1.0
CFFair_Oracle,HR_N1000_PolicyDom_Thresh2.5_Seed1600_BIASED_ALL.csv,PolicyDom,2.5,BIASED_ALL,2,6,4,1000,0.9823,0.985,0.0,0.0,0.0,0.0096,0.0,0.0,0.0,0.0096
CFFair_Oracle,HR_N1000_PolicyDom_Thresh2.5_Seed1600_FAIR_ALL.csv,PolicyDom,2.5,FAIR_ALL,2,6,4,1000,0.8229,0.9,0.9045,0.9945,0.9474,0.0094,0.9905999898910522,0.0104,0.9906,1.0
CFFair_Oracle,HR_N1000_PolicyDom_Thresh2.5_Seed1700_BIASED_ALL.csv,PolicyDom,2.5,BIASED_ALL,2,6,4,1000,0.9874,0.985,0.0,0.0,0.0,0.0095,0.0,0.0,0.0,0.0095
CFFair_Oracle,HR_N1000_PolicyDom_Thresh2.5_Seed1700_FAIR_ALL.csv,PolicyDom,2.5,FAIR_ALL,2,6,4,1000,0.7836,0.915,0.9137,1.0,0.9549,0.0106,0.989300012588501,0.0,0.9796,0.9902
CFFair_Oracle,HR_N1000_PolicyDom_Thresh2.5_Seed1800_BIASED_ALL.csv,PolicyDom,2.5,BIASED_ALL,2,6,4,1000,1.0,0.995,1.0,0.5,0.6667,0.0097,0.0,0.5,0.0,0.0097
CFFair_Oracle,HR_N1000_PolicyDom_Thresh2.5_Seed1800_FAIR_ALL.csv,PolicyDom,2.5,FAIR_ALL,2,6,4,1000,0.789,0.9,0.8995,1.0,0.9471,0.0106,0.989400029182434,0.0,0.9894,1.0
CFFair_Oracle,HR_N1000_PolicyDom_Thresh2.5_Seed1900_BIASED_ALL.csv,PolicyDom,2.5,BIASED_ALL,2,6,4,1000,0.9645,0.985,0.0,0.0,0.0,0.0,inf,0.0,0.0,0.0
CFFair_Oracle,HR_N1000_PolicyDom_Thresh2.5_Seed1900_FAIR_ALL.csv,PolicyDom,2.5,FAIR_ALL,2,6,4,1000,0.7036,0.885,0.9119,0.967,0.9387,0.0206,1.0214999914169312,0.0135,0.9767,0.9561
CFFair_Oracle,HR_N1000_PolicyDom_Thresh2.5_Seed2000_BIASED_ALL.csv,PolicyDom,2.5,BIASED_ALL,2,6,4,1000,0.9932,0.985,0.5,0.3333,0.4,0.0018,0.8349000215530396,0.5,0.0092,0.011
CFFair_Oracle,HR_N1000_PolicyDom_Thresh2.5_Seed2000_FAIR_ALL.csv,PolicyDom,2.5,FAIR_ALL,2,6,4,1000,0.7628,0.895,0.9077,0.9833,0.944,0.013,1.0134999752044678,0.0142,0.9811,0.9681
CFFair_Oracle,HR_N1000_PolicyDom_Thresh2.5_Seed200_BIASED_ALL.csv,PolicyDom,2.5,BIASED_ALL,2,6,4,1000,1.0,0.995,1.0,0.5,0.6667,0.0095,0.0,0.5,0.0,0.0095
CFFair_Oracle,HR_N1000_PolicyDom_Thresh2.5_Seed200_FAIR_ALL.csv,PolicyDom,2.5,FAIR_ALL,2,6,4,1000,0.7401,0.89,0.9067,0.9777,0.9409,0.0058,1.00600004196167,0.0421,0.9681,0.9623
CFFair_Oracle,HR_N1000_PolicyDom_Thresh2.5_Seed300_BIASED_ALL.csv,PolicyDom,2.5,BIASED_ALL,2,6,4,1000,0.9949,0.99,0.5,0.5,0.5,0.0177,0.0,0.5,0.0,0.0177
CFFair_Oracle,HR_N1000_PolicyDom_Thresh2.5_Seed300_FAIR_ALL.csv,PolicyDom,2.5,FAIR_ALL,2,6,4,1000,0.6054,0.89,0.9077,0.9779,0.9415,0.0051,1.0052000284194946,0.0168,0.9778,0.9727
CFFair_Oracle,HR_N1000_PolicyDom_Thresh2.5_Seed400_BIASED_ALL.csv,PolicyDom,2.5,BIASED_ALL,2,6,4,1000,0.9983,0.99,0.6667,0.6667,0.6667,0.0294,0.0,0.6667,0.0,0.0294
CFFair_Oracle,HR_N1000_PolicyDom_Thresh2.5_Seed400_FAIR_ALL.csv,PolicyDom,2.5,FAIR_ALL,2,6,4,1000,0.6635,0.915,0.9192,0.9945,0.9554,0.0004,0.9995999932289124,0.0111,0.9898,0.9902
CFFair_Oracle,HR_N1000_PolicyDom_Thresh2.5_Seed500_BIASED_ALL.csv,PolicyDom,2.5,BIASED_ALL,2,6,4,1000,0.9729,0.975,0.0,0.0,0.0,0.0204,0.0,0.0,0.0,0.0204
CFFair_Oracle,HR_N1000_PolicyDom_Thresh2.5_Seed500_FAIR_ALL.csv,PolicyDom,2.5,FAIR_ALL,2,6,4,1000,0.8112,0.895,0.8969,0.9943,0.9431,0.0218,0.9776999950408936,0.0106,0.9588,0.9806
CFFair_Oracle,HR_N1000_PolicyDom_Thresh2.5_Seed600_BIASED_ALL.csv,PolicyDom,2.5,BIASED_ALL,2,6,4,1000,0.9796,0.985,0.6667,0.5,0.5714,0.0106,2.0815999507904053,0.6667,0.0204,0.0098
CFFair_Oracle,HR_N1000_PolicyDom_Thresh2.5_Seed600_FAIR_ALL.csv,PolicyDom,2.5,FAIR_ALL,2,6,4,1000,0.7147,0.905,0.905,1.0,0.9501,0.0,1.0,0.0,1.0,1.0
CFFair_Oracle,HR_N1000_PolicyDom_Thresh2.5_Seed700_BIASED_ALL.csv,PolicyDom,2.5,BIASED_ALL,2,6,4,1000,0.9821,0.985,0.6,0.75,0.6667,0.009,0.6938999891281128,0.5,0.0204,0.0294
CFFair_Oracle,HR_N1000_PolicyDom_Thresh2.5_Seed700_FAIR_ALL.csv,PolicyDom,2.5,FAIR_ALL,2,6,4,1000,0.7075,0.905,0.9045,1.0,0.9499,0.0097,0.9902999997138976,0.0,0.9903,1.0
CFFair_Oracle,HR_N1000_PolicyDom_Thresh2.5_Seed800_BIASED_ALL.csv,PolicyDom,2.5,BIASED_ALL,2,6,4,1000,0.9975,0.99,0.5,0.5,0.5,0.0012,0.8867999911308289,0.5,0.0094,0.0106
CFFair_Oracle,HR_N1000_PolicyDom_Thresh2.5_Seed800_FAIR_ALL.csv,PolicyDom,2.5,FAIR_ALL,2,6,4,1000,0.6231,0.91,0.9095,1.0,0.9526,0.0095,0.9904999732971193,0.0,0.9905,1.0
CFFair_Oracle,HR_N1000_PolicyDom_Thresh2.5_Seed900_BIASED_ALL.csv,PolicyDom,2.5,BIASED_ALL,2,6,4,1000,1.0,1.0,1.0,1.0,1.0,0.0008,0.9230999946594238,0.0,0.0096,0.0104
CFFair_Oracle,HR_N1000_PolicyDom_Thresh2.5_Seed900_FAIR_ALL.csv,PolicyDom,2.5,FAIR_ALL,2,6,4,1000,0.7686,0.9,0.904,0.9944,0.9471,0.0196,1.0199999809265137,0.0108,1.0,0.9804
CFFair_Oracle,HR_N1000_WealthDom_Thresh1.0_Seed1000_BIASED_ALL.csv,WealthDom,1.0,BIASED_ALL,2,6,4,1000,0.866,0.825,0.848,0.9416,0.8923,0.0471,0.946399986743927,0.0115,0.8317,0.8788
CFFair_Oracle,HR_N1000_WealthDom_Thresh1.0_Seed1000_FAIR_ALL.csv,WealthDom,1.0,FAIR_ALL,2,6,4,1000,0.78,0.93,0.9343,0.9946,0.9635,0.0002,1.0002000331878662,0.0105,0.9901,0.9899
CFFair_Oracle,HR_N1000_WealthDom_Thresh1.0_Seed100_BIASED_ALL.csv,WealthDom,1.0,BIASED_ALL,2,6,4,1000,0.8154,0.8,0.8675,0.8675,0.8675,0.1163,0.857699990272522,0.0905,0.7009,0.8172
CFFair_Oracle,HR_N1000_WealthDom_Thresh1.0_Seed100_FAIR_ALL.csv,WealthDom,1.0,FAIR_ALL,2,6,4,1000,0.6804,0.93,0.9347,0.9947,0.9637,0.0098,1.0098999738693235,0.0108,1.0,0.9902
CFFair_Oracle,HR_N1000_WealthDom_Thresh1.0_Seed1100_BIASED_ALL.csv,WealthDom,1.0,BIASED_ALL,2,6,4,1000,0.8166,0.785,0.815,0.9276,0.8677,0.0152,1.017699956893921,0.0133,0.8736,0.8584
CFFair_Oracle,HR_N1000_WealthDom_Thresh1.0_Seed1100_FAIR_ALL.csv,WealthDom,1.0,FAIR_ALL,2,6,4,1000,0.7707,0.94,0.9394,1.0,0.9688,0.0006,0.9994000196456908,0.0,0.9897,0.9903
CFFair_Oracle,HR_N1000_WealthDom_Thresh1.0_Seed1200_BIASED_ALL.csv,WealthDom,1.0,BIASED_ALL,2,6,4,1000,0.8054,0.795,0.8249,0.9359,0.8769,0.0323,0.9641000032424928,0.0546,0.8687,0.901
CFFair_Oracle,HR_N1000_WealthDom_Thresh1.0_Seed1200_FAIR_ALL.csv,WealthDom,1.0,FAIR_ALL,2,6,4,1000,0.7496,0.915,0.9192,0.9945,0.9554,0.0233,0.9767000079154968,0.013,0.9767,1.0
CFFair_Oracle,HR_N1000_WealthDom_Thresh1.0_Seed1300_BIASED_ALL.csv,WealthDom,1.0,BIASED_ALL,2,6,4,1000,0.878,0.835,0.8432,0.975,0.9043,0.0122,0.9868999719619752,0.0196,0.9196,0.9318
CFFair_Oracle,HR_N1000_WealthDom_Thresh1.0_Seed1300_FAIR_ALL.csv,WealthDom,1.0,FAIR_ALL,2,6,4,1000,0.7622,0.94,0.9442,0.9947,0.9688,0.0106,0.989300012588501,0.0104,0.9796,0.9902
CFFair_Oracle,HR_N1000_WealthDom_Thresh1.0_Seed1400_BIASED_ALL.csv,WealthDom,1.0,BIASED_ALL,2,6,4,1000,0.8251,0.8,0.8344,0.9128,0.8718,0.0879,0.8971999883651733,0.0113,0.7667,0.8545
CFFair_Oracle,HR_N1000_WealthDom_Thresh1.0_Seed1400_FAIR_ALL.csv,WealthDom,1.0,FAIR_ALL,2,6,4,1000,0.6684,0.94,0.94,1.0,0.9691,0.0,1.0,0.0,1.0,1.0
CFFair_Oracle,HR_N1000_WealthDom_Thresh1.0_Seed1500_BIASED_ALL.csv,WealthDom,1.0,BIASED_ALL,2,6,4,1000,0.8022,0.795,0.8229,0.9351,0.8754,0.0406,0.9545000195503236,0.0093,0.8523,0.8929
CFFair_Oracle,HR_N1000_WealthDom_Thresh1.0_Seed1500_FAIR_ALL.csv,WealthDom,1.0,FAIR_ALL,2,6,4,1000,0.7946,0.91,0.9231,0.9836,0.9524,0.0095,0.9902999997138976,0.0108,0.9703,0.9798
CFFair_Oracle,HR_N1000_WealthDom_Thresh1.0_Seed1600_BIASED_ALL.csv,WealthDom,1.0,BIASED_ALL,2,6,4,1000,0.7613,0.745,0.7927,0.8844,0.836,0.1459,0.8356999754905701,0.1751,0.7419,0.8879
CFFair_Oracle,HR_N1000_WealthDom_Thresh1.0_Seed1600_FAIR_ALL.csv,WealthDom,1.0,FAIR_ALL,2,6,4,1000,0.8501,0.925,0.9337,0.9892,0.9606,0.0196,1.02020001411438,0.0001,0.9899,0.9703
CFFair_Oracle,HR_N1000_WealthDom_Thresh1.0_Seed1700_BIASED_ALL.csv,WealthDom,1.0,BIASED_ALL,2,6,4,1000,0.8428,0.8,0.8421,0.9172,0.878,0.027,1.031999945640564,0.0309,0.8696,0.8426
CFFair_Oracle,HR_N1000_WealthDom_Thresh1.0_Seed1700_FAIR_ALL.csv,WealthDom,1.0,FAIR_ALL,2,6,4,1000,0.8452,0.935,0.9391,0.9946,0.9661,0.0106,0.989300012588501,0.0104,0.9796,0.9902
CFFair_Oracle,HR_N1000_WealthDom_Thresh1.0_Seed1800_BIASED_ALL.csv,WealthDom,1.0,BIASED_ALL,2,6,4,1000,0.7282,0.775,0.7979,0.9554,0.8696,0.0117,1.0125000476837158,0.0054,0.9462,0.9346
CFFair_Oracle,HR_N1000_WealthDom_Thresh1.0_Seed1800_FAIR_ALL.csv,WealthDom,1.0,FAIR_ALL,2,6,4,1000,0.7769,0.92,0.9293,0.9892,0.9583,0.0024,1.002500057220459,0.0028,0.9911,0.9886
CFFair_Oracle,HR_N1000_WealthDom_Thresh1.0_Seed1900_BIASED_ALL.csv,WealthDom,1.0,BIASED_ALL,2,6,4,1000,0.8251,0.825,0.8696,0.9091,0.8889,0.0373,0.9545000195503236,0.0215,0.7841,0.8214
CFFair_Oracle,HR_N1000_WealthDom_Thresh1.0_Seed1900_FAIR_ALL.csv,WealthDom,1.0,FAIR_ALL,2,6,4,1000,0.8157,0.93,0.9347,0.9947,0.9637,0.0088,1.0089000463485718,0.0093,1.0,0.9912
CFFair_Oracle,HR_N1000_WealthDom_Thresh1.0_Seed2000_BIASED_ALL.csv,WealthDom,1.0,BIASED_ALL,2,6,4,1000,0.8605,0.81,0.8385,0.9184,0.8766,0.0821,1.108199954032898,0.0215,0.8407,0.7586
CFFair_Oracle,HR_N1000_WealthDom_Thresh1.0_Seed2000_FAIR_ALL.csv,WealthDom,1.0,FAIR_ALL,2,6,4,1000,0.7965,0.935,0.9391,0.9946,0.9661,0.0294,1.0303000211715698,0.0105,1.0,0.9706
CFFair_Oracle,HR_N1000_WealthDom_Thresh1.0_Seed200_BIASED_ALL.csv,WealthDom,1.0,BIASED_ALL,2,6,4,1000,0.8244,0.78,0.8129,0.9205,0.8634,0.0627,0.9290000200271606,0.0248,0.8202,0.8829
CFFair_Oracle,HR_N1000_WealthDom_Thresh1.0_Seed200_FAIR_ALL.csv,WealthDom,1.0,FAIR_ALL,2,6,4,1000,0.8694,0.925,0.9385,0.9839,0.9606,0.012,0.9876999855041504,0.0087,0.9688,0.9808
CFFair_Oracle,HR_N1000_WealthDom_Thresh1.0_Seed300_BIASED_ALL.csv,WealthDom,1.0,BIASED_ALL,2,6,4,1000,0.8268,0.8,0.8333,0.9211,0.875,0.0072,1.0085999965667725,0.0708,0.8438,0.8365
CFFair_Oracle,HR_N1000_WealthDom_Thresh1.0_Seed300_FAIR_ALL.csv,WealthDom,1.0,FAIR_ALL,2,6,4,1000,0.652,0.935,0.9397,0.9947,0.9664,0.009,1.0090999603271484,0.0094,1.0,0.991
CFFair_Oracle,HR_N1000_WealthDom_Thresh1.0_Seed400_BIASED_ALL.csv,WealthDom,1.0,BIASED_ALL,2,6,4,1000,0.8203,0.82,0.8305,0.9608,0.8909,0.0286,0.9682000279426576,0.0216,0.8696,0.8981
CFFair_Oracle,HR_N1000_WealthDom_Thresh1.0_Seed400_FAIR_ALL.csv,WealthDom,1.0,FAIR_ALL,2,6,4,1000,0.7116,0.94,0.9397,1.0,0.9689,0.0109,1.0110000371932983,0.0,1.0,0.9891
CFFair_Oracle,HR_N1000_WealthDom_Thresh1.0_Seed500_BIASED_ALL.csv,WealthDom,1.0,BIASED_ALL,2,6,4,1000,0.7951,0.75,0.7941,0.9,0.8438,0.0193,0.977500021457672,0.0192,0.8391,0.8584
CFFair_Oracle,HR_N1000_WealthDom_Thresh1.0_Seed500_FAIR_ALL.csv,WealthDom,1.0,FAIR_ALL,2,6,4,1000,0.7933,0.92,0.9231,0.9945,0.9574,0.0075,1.007699966430664,0.0118,0.9789,0.9714
CFFair_Oracle,HR_N1000_WealthDom_Thresh1.0_Seed600_BIASED_ALL.csv,WealthDom,1.0,BIASED_ALL,2,6,4,1000,0.788,0.765,0.7966,0.9276,0.8571,0.117,0.8758000135421753,0.0886,0.8247,0.9417
CFFair_Oracle,HR_N1000_WealthDom_Thresh1.0_Seed600_FAIR_ALL.csv,WealthDom,1.0,FAIR_ALL,2,6,4,1000,0.6985,0.925,0.9388,0.984,0.9608,0.0165,1.0169999599456787,0.0078,0.989,0.9725
CFFair_Oracle,HR_N1000_WealthDom_Thresh1.0_Seed700_BIASED_ALL.csv,WealthDom,1.0,BIASED_ALL,2,6,4,1000,0.7918,0.81,0.827,0.9623,0.8895,0.0285,0.9696999788284302,0.0062,0.9109,0.9394
CFFair_Oracle,HR_N1000_WealthDom_Thresh1.0_Seed700_FAIR_ALL.csv,WealthDom,1.0,FAIR_ALL,2,6,4,1000,0.7714,0.92,0.9242,0.9946,0.9581,0.0189,1.0191999673843384,0.0102,1.0,0.9811
CFFair_Oracle,HR_N1000_WealthDom_Thresh1.0_Seed800_BIASED_ALL.csv,WealthDom,1.0,BIASED_ALL,2,6,4,1000,0.8341,0.815,0.8333,0.9477,0.8869,0.0322,0.963599979877472,0.0007,0.8544,0.8866
CFFair_Oracle,HR_N1000_WealthDom_Thresh1.0_Seed800_FAIR_ALL.csv,WealthDom,1.0,FAIR_ALL,2,6,4,1000,0.7051,0.935,0.9394,0.9947,0.9662,0.022,0.977999985218048,0.0115,0.978,1.0
CFFair_Oracle,HR_N1000_WealthDom_Thresh1.0_Seed900_BIASED_ALL.csv,WealthDom,1.0,BIASED_ALL,2,6,4,1000,0.7833,0.8,0.8256,0.9342,0.8765,0.06,1.0722999572753906,0.0298,0.89,0.83
CFFair_Oracle,HR_N1000_WealthDom_Thresh1.0_Seed900_FAIR_ALL.csv,WealthDom,1.0,FAIR_ALL,2,6,4,1000,0.7591,0.94,0.94,1.0,0.9691,0.0,1.0,0.0,1.0,1.0
CFFair_Oracle,HR_N1000_WealthDom_Thresh2.5_Seed1000_BIASED_ALL.csv,WealthDom,2.5,BIASED_ALL,2,6,4,1000,0.7834,0.76,0.8098,0.8859,0.8462,0.0499,1.0628999471664429,0.0717,0.8427,0.7928
CFFair_Oracle,HR_N1000_WealthDom_Thresh2.5_Seed1000_FAIR_ALL.csv,WealthDom,2.5,FAIR_ALL,2,6,4,1000,0.747,0.93,0.934,0.9946,0.9634,0.0079,0.9919999837875366,0.0099,0.9813,0.9892
CFFair_Oracle,HR_N1000_WealthDom_Thresh2.5_Seed100_BIASED_ALL.csv,WealthDom,2.5,BIASED_ALL,2,6,4,1000,0.8435,0.77,0.7919,0.932,0.8562,0.0259,0.9704999923706056,0.0445,0.8532,0.8791
CFFair_Oracle,HR_N1000_WealthDom_Thresh2.5_Seed100_FAIR_ALL.csv,WealthDom,2.5,FAIR_ALL,2,6,4,1000,0.7539,0.925,0.925,1.0,0.961,0.0,1.0,0.0,1.0,1.0
CFFair_Oracle,HR_N1000_WealthDom_Thresh2.5_Seed1100_BIASED_ALL.csv,WealthDom,2.5,BIASED_ALL,2,6,4,1000,0.7756,0.76,0.7941,0.9122,0.8491,0.0113,0.9866999983787536,0.0205,0.8434,0.8547
CFFair_Oracle,HR_N1000_WealthDom_Thresh2.5_Seed1100_FAIR_ALL.csv,WealthDom,2.5,FAIR_ALL,2,6,4,1000,0.6959,0.925,0.9293,0.9946,0.9608,0.0194,1.0197999477386477,0.0106,1.0,0.9806
CFFair_Oracle,HR_N1000_WealthDom_Thresh2.5_Seed1200_BIASED_ALL.csv,WealthDom,2.5,BIASED_ALL,2,6,4,1000,0.7347,0.82,0.8197,0.9804,0.8929,0.0841,0.9118000268936156,0.0182,0.8696,0.9537
CFFair_Oracle,HR_N1000_WealthDom_Thresh2.5_Seed1200_FAIR_ALL.csv,WealthDom,2.5,FAIR_ALL,2,6,4,1000,0.8397,0.9,0.9133,0.9835,0.9471,0.0024,1.002500057220459,0.0099,0.9811,0.9787
CFFair_Oracle,HR_N1000_WealthDom_Thresh2.5_Seed1300_BIASED_ALL.csv,WealthDom,2.5,BIASED_ALL,2,6,4,1000,0.7659,0.78,0.8146,0.9295,0.8683,0.009,0.98989999294281,0.0421,0.8857,0.8947
CFFair_Oracle,HR_N1000_WealthDom_Thresh2.5_Seed1300_FAIR_ALL.csv,WealthDom,2.5,FAIR_ALL,2,6,4,1000,0.7355,0.925,0.925,1.0,0.961,0.0,1.0,0.0,1.0,1.0
CFFair_Oracle,HR_N1000_WealthDom_Thresh2.5_Seed1400_BIASED_ALL.csv,WealthDom,2.5,BIASED_ALL,2,6,4,1000,0.8137,0.75,0.7937,0.8819,0.8355,0.1126,0.8691999912261963,0.045,0.7477,0.8602
CFFair_Oracle,HR_N1000_WealthDom_Thresh2.5_Seed1400_FAIR_ALL.csv,WealthDom,2.5,FAIR_ALL,2,6,4,1000,0.6318,0.935,0.935,1.0,0.9664,0.0,1.0,0.0,1.0,1.0
CFFair_Oracle,HR_N1000_WealthDom_Thresh2.5_Seed1500_BIASED_ALL.csv,WealthDom,2.5,BIASED_ALL,2,6,4,1000,0.8032,0.8,0.8313,0.92,0.8734,0.1152,0.8694000244140625,0.042,0.7667,0.8818
CFFair_Oracle,HR_N1000_WealthDom_Thresh2.5_Seed1500_FAIR_ALL.csv,WealthDom,2.5,FAIR_ALL,2,6,4,1000,0.713,0.905,0.9227,0.9781,0.9496,0.0018,0.9980999827384948,0.0012,0.9691,0.9709
CFFair_Oracle,HR_N1000_WealthDom_Thresh2.5_Seed1600_BIASED_ALL.csv,WealthDom,2.5,BIASED_ALL,2,6,4,1000,0.7834,0.77,0.7914,0.9149,0.8487,0.0917,0.8937000036239624,0.1008,0.7714,0.8632
CFFair_Oracle,HR_N1000_WealthDom_Thresh2.5_Seed1600_FAIR_ALL.csv,WealthDom,2.5,FAIR_ALL,2,6,4,1000,0.8101,0.92,0.92,1.0,0.9583,0.0,1.0,0.0,1.0,1.0
CFFair_Oracle,HR_N1000_WealthDom_Thresh2.5_Seed1700_BIASED_ALL.csv,WealthDom,2.5,BIASED_ALL,2,6,4,1000,0.7939,0.8,0.8167,0.9545,0.8802,0.0522,1.0598000288009644,0.0649,0.9245,0.8723
CFFair_Oracle,HR_N1000_WealthDom_Thresh2.5_Seed1700_FAIR_ALL.csv,WealthDom,2.5,FAIR_ALL,2,6,4,1000,0.8629,0.935,0.9347,1.0,0.9662,0.0091,0.9908999800682068,0.0,0.9909,1.0
CFFair_Oracle,HR_N1000_WealthDom_Thresh2.5_Seed1800_BIASED_ALL.csv,WealthDom,2.5,BIASED_ALL,2,6,4,1000,0.7259,0.75,0.7845,0.9281,0.8503,0.0014,1.0016000270843506,0.0274,0.9057,0.9043
CFFair_Oracle,HR_N1000_WealthDom_Thresh2.5_Seed1800_FAIR_ALL.csv,WealthDom,2.5,FAIR_ALL,2,6,4,1000,0.6917,0.92,0.9196,1.0,0.9581,0.0098,0.9901999831199646,0.0,0.9902,1.0
CFFair_Oracle,HR_N1000_WealthDom_Thresh2.5_Seed1900_BIASED_ALL.csv,WealthDom,2.5,BIASED_ALL,2,6,4,1000,0.7437,0.765,0.7742,0.9664,0.8597,0.0025,0.9973999857902528,0.0286,0.9286,0.931
CFFair_Oracle,HR_N1000_WealthDom_Thresh2.5_Seed1900_FAIR_ALL.csv,WealthDom,2.5,FAIR_ALL,2,6,4,1000,0.7477,0.905,0.9278,0.973,0.9499,0.0382,1.0401999950408936,0.0521,0.9897,0.9515
CFFair_Oracle,HR_N1000_WealthDom_Thresh2.5_Seed2000_BIASED_ALL.csv,WealthDom,2.5,BIASED_ALL,2,6,4,1000,0.8389,0.75,0.7751,0.9161,0.8397,0.0319,1.03849995136261,0.0012,0.8598,0.828
CFFair_Oracle,HR_N1000_WealthDom_Thresh2.5_Seed2000_FAIR_ALL.csv,WealthDom,2.5,FAIR_ALL,2,6,4,1000,0.8387,0.925,0.9333,0.9891,0.9604,0.031,1.0322999954223633,0.0225,0.9902,0.9592
CFFair_Oracle,HR_N1000_WealthDom_Thresh2.5_Seed200_BIASED_ALL.csv,WealthDom,2.5,BIASED_ALL,2,6,4,1000,0.7441,0.755,0.7857,0.9103,0.8435,0.0072,1.0085999965667725,0.0352,0.8438,0.8365
CFFair_Oracle,HR_N1000_WealthDom_Thresh2.5_Seed200_FAIR_ALL.csv,WealthDom,2.5,FAIR_ALL,2,6,4,1000,0.7249,0.915,0.9239,0.9891,0.9554,0.0076,1.0077999830245972,0.0198,0.9891,0.9815
CFFair_Oracle,HR_N1000_WealthDom_Thresh2.5_Seed300_BIASED_ALL.csv,WealthDom,2.5,BIASED_ALL,2,6,4,1000,0.822,0.79,0.8261,0.9048,0.8636,0.1233,0.8583999872207642,0.0678,0.7477,0.871
CFFair_Oracle,HR_N1000_WealthDom_Thresh2.5_Seed300_FAIR_ALL.csv,WealthDom,2.5,FAIR_ALL,2,6,4,1000,0.7485,0.925,0.925,1.0,0.961,0.0,1.0,0.0,1.0,1.0
CFFair_Oracle,HR_N1000_WealthDom_Thresh2.5_Seed400_BIASED_ALL.csv,WealthDom,2.5,BIASED_ALL,2,6,4,1000,0.819,0.785,0.8,0.9459,0.8669,0.0853,0.9067999720573424,0.0141,0.8298,0.9151
CFFair_Oracle,HR_N1000_WealthDom_Thresh2.5_Seed400_FAIR_ALL.csv,WealthDom,2.5,FAIR_ALL,2,6,4,1000,0.7247,0.925,0.9296,0.9946,0.961,0.0095,1.009600043296814,0.0102,1.0,0.9905
CFFair_Oracle,HR_N1000_WealthDom_Thresh2.5_Seed500_BIASED_ALL.csv,WealthDom,2.5,BIASED_ALL,2,6,4,1000,0.7448,0.775,0.7886,0.9452,0.8598,0.0075,0.9914000034332277,0.0137,0.871,0.8785
CFFair_Oracle,HR_N1000_WealthDom_Thresh2.5_Seed500_FAIR_ALL.csv,WealthDom,2.5,FAIR_ALL,2,6,4,1000,0.7542,0.895,0.895,1.0,0.9446,0.0,1.0,0.0,1.0,1.0
CFFair_Oracle,HR_N1000_WealthDom_Thresh2.5_Seed600_BIASED_ALL.csv,WealthDom,2.5,BIASED_ALL,2,6,4,1000,0.7755,0.765,0.8049,0.898,0.8489,0.0693,1.0880999565124512,0.153,0.8557,0.7864
CFFair_Oracle,HR_N1000_WealthDom_Thresh2.5_Seed600_FAIR_ALL.csv,WealthDom,2.5,FAIR_ALL,2,6,4,1000,0.6409,0.925,0.934,0.9892,0.9608,0.0283,1.029099941253662,0.0202,1.0,0.9717
CFFair_Oracle,HR_N1000_WealthDom_Thresh2.5_Seed700_BIASED_ALL.csv,WealthDom,2.5,BIASED_ALL,2,6,4,1000,0.7343,0.78,0.8056,0.9416,0.8683,0.0482,0.9480000138282776,0.0405,0.8774,0.9255
CFFair_Oracle,HR_N1000_WealthDom_Thresh2.5_Seed700_FAIR_ALL.csv,WealthDom,2.5,FAIR_ALL,2,6,4,1000,0.7692,0.915,0.9192,0.9945,0.9554,0.0006,0.9994000196456908,0.0115,0.9897,0.9903
CFFair_Oracle,HR_N1000_WealthDom_Thresh2.5_Seed800_BIASED_ALL.csv,WealthDom,2.5,BIASED_ALL,2,6,4,1000,0.812,0.765,0.8121,0.8933,0.8508,0.0347,0.9588000178337096,0.0253,0.8065,0.8411
CFFair_Oracle,HR_N1000_WealthDom_Thresh2.5_Seed800_FAIR_ALL.csv,WealthDom,2.5,FAIR_ALL,2,6,4,1000,0.7798,0.925,0.925,1.0,0.961,0.0,1.0,0.0,1.0,1.0
CFFair_Oracle,HR_N1000_WealthDom_Thresh2.5_Seed900_BIASED_ALL.csv,WealthDom,2.5,BIASED_ALL,2,6,4,1000,0.77,0.77,0.8072,0.9054,0.8535,0.0903,0.8967000246047974,0.0889,0.7835,0.8738
CFFair_Oracle,HR_N1000_WealthDom_Thresh2.5_Seed900_FAIR_ALL.csv,WealthDom,2.5,FAIR_ALL,2,6,4,1000,0.7677,0.93,0.93,1.0,0.9637,0.0,1.0,0.0,1.0,1.0
