model_name,name_dataset,n_S,n_X,n_U,total_samples,ROC_AUC,Accuracy,Precision,Recall,F1_Score,Statistical_Parity_Diff_(ATE),Disparate_Impact_Ratio,Equal_Opportunity_Diff,Pos_Rate_S1,Pos_Rate_S0
XGBoost,SF_Large_Sample_Size_Dataset_Linear_ReLU_50%_10_base_nodes_u_0p0_seed_0_8_nodes_full_data.csv,3,6,0,10000,0.9126,0.8258,0.8212,0.8329,0.827,0.1056,0.8115,0.061,0.4544,0.56
XGBoost,SF_Large_Sample_Size_Dataset_Linear_ReLU_50%_10_base_nodes_u_0p0_seed_1_8_nodes_full_data.csv,3,6,0,10000,0.7166,0.661,0.6834,0.6,0.639,0.138,1.3726,0.178,0.5083,0.3703
XGBoost,SF_Large_Sample_Size_Dataset_Linear_ReLU_50%_10_base_nodes_u_0p0_seed_2_8_nodes_full_data.csv,3,6,0,10000,0.9479,0.8857,0.8775,0.8964,0.8869,0.0235,0.955,0.0005,0.499,0.5225
XGBoost,SF_Large_Sample_Size_Dataset_Linear_ReLU_50%_10_base_nodes_u_0p0_seed_3_8_nodes_full_data.csv,3,6,0,10000,0.9134,0.8322,0.8387,0.8227,0.8306,0.1364,0.7559,0.0329,0.4224,0.5588
XGBoost,SF_Large_Sample_Size_Dataset_Linear_ReLU_50%_10_base_nodes_u_0p0_seed_4_8_nodes_full_data.csv,3,6,0,10000,0.9882,0.9398,0.938,0.9418,0.9399,0.3753,2.1948,0.0753,0.6895,0.3141
XGBoost,SF_Large_Sample_Size_Dataset_Linear_ReLU_50%_10_base_nodes_u_0p0_seed_5_8_nodes_full_data.csv,3,6,0,10000,0.9319,0.8808,0.8731,0.8911,0.882,0.0131,1.026,0.026,0.5169,0.5038
XGBoost,SF_Large_Sample_Size_Dataset_Linear_ReLU_50%_10_base_nodes_u_0p0_seed_6_8_nodes_full_data.csv,3,6,0,10000,0.9071,0.8198,0.8316,0.802,0.8165,0.1925,0.6672,0.1331,0.3858,0.5783
XGBoost,SF_Large_Sample_Size_Dataset_Linear_ReLU_50%_10_base_nodes_u_0p0_seed_7_8_nodes_full_data.csv,3,6,0,10000,0.9858,0.9359,0.9278,0.9453,0.9365,0.4529,2.6021,0.0261,0.7355,0.2827
XGBoost,SF_Large_Sample_Size_Dataset_Linear_ReLU_50%_10_base_nodes_u_0p0_seed_8_8_nodes_full_data.csv,3,6,0,10000,0.8814,0.8147,0.8307,0.7904,0.8101,0.5486,0.2679,0.4949,0.2008,0.7493
XGBoost,SF_Large_Sample_Size_Dataset_Linear_ReLU_50%_10_base_nodes_u_0p0_seed_9_8_nodes_full_data.csv,3,6,0,10000,0.9119,0.83,0.8225,0.8416,0.8319,0.2431,0.616,0.165,0.39,0.6331
XGBoost,SF_Large_Sample_Size_Dataset_Linear_ReLU_50%_10_base_nodes_u_0p5_seed_0_8_nodes_full_data.csv,3,6,5,10000,0.8371,0.7682,0.7698,0.7653,0.7676,0.7607,7.5186,0.7435,0.8774,0.1167
XGBoost,SF_Large_Sample_Size_Dataset_Linear_ReLU_50%_10_base_nodes_u_0p5_seed_1_8_nodes_full_data.csv,3,6,5,10000,0.9133,0.8294,0.8282,0.8313,0.8298,0.7225,6.0453,0.5419,0.8657,0.1432
XGBoost,SF_Large_Sample_Size_Dataset_Linear_ReLU_50%_10_base_nodes_u_0p5_seed_2_8_nodes_full_data.csv,3,6,5,10000,0.9981,0.9788,0.9795,0.978,0.9788,0.5273,3.2353,0.0465,0.7632,0.2359
XGBoost,SF_Large_Sample_Size_Dataset_Linear_ReLU_50%_10_base_nodes_u_0p5_seed_3_8_nodes_full_data.csv,3,6,5,10000,0.9945,0.9597,0.9651,0.9538,0.9594,0.7106,0.1652,0.1363,0.1406,0.8512
XGBoost,SF_Large_Sample_Size_Dataset_Linear_ReLU_50%_10_base_nodes_u_0p5_seed_4_8_nodes_full_data.csv,3,6,5,10000,0.938,0.877,0.9058,0.8416,0.8725,0.0414,1.0934,0.0351,0.4852,0.4438
XGBoost,SF_Large_Sample_Size_Dataset_Linear_ReLU_50%_10_base_nodes_u_0p5_seed_5_8_nodes_full_data.csv,3,6,5,10000,0.9872,0.9427,0.9588,0.9251,0.9416,0.6137,0.2233,0.18,0.1764,0.7901
XGBoost,SF_Large_Sample_Size_Dataset_Linear_ReLU_50%_10_base_nodes_u_0p5_seed_6_8_nodes_full_data.csv,3,6,5,10000,0.5785,0.5528,0.5527,0.5538,0.5532,0.1478,1.3462,0.1661,0.5747,0.4269
XGBoost,SF_Large_Sample_Size_Dataset_Linear_ReLU_50%_10_base_nodes_u_0p5_seed_7_8_nodes_full_data.csv,3,6,5,10000,0.9763,0.9211,0.9385,0.9013,0.9195,0.5896,4.1625,0.2482,0.7761,0.1864
XGBoost,SF_Large_Sample_Size_Dataset_Linear_ReLU_50%_10_base_nodes_u_0p5_seed_8_8_nodes_full_data.csv,3,6,5,10000,0.9568,0.8942,0.8942,0.8942,0.8942,0.4258,2.4815,0.1003,0.7132,0.2874
XGBoost,SF_Large_Sample_Size_Dataset_Linear_ReLU_50%_10_base_nodes_u_0p5_seed_9_8_nodes_full_data.csv,3,6,5,10000,0.9509,0.8819,0.8921,0.8689,0.8803,0.0569,0.8896,0.0013,0.4585,0.5154
XGBoost,SF_Large_Sample_Size_Dataset_Linear_ReLU_50%_10_base_nodes_u_1p0_seed_0_8_nodes_full_data.csv,3,6,10,10000,0.6044,0.5718,0.5716,0.5733,0.5724,0.0469,0.9107,0.0525,0.478,0.5249
XGBoost,SF_Large_Sample_Size_Dataset_Linear_ReLU_50%_10_base_nodes_u_1p0_seed_1_8_nodes_full_data.csv,3,6,10,10000,0.9535,0.8716,0.8545,0.8956,0.8746,0.4471,0.4009,0.1154,0.2991,0.7462
XGBoost,SF_Large_Sample_Size_Dataset_Linear_ReLU_50%_10_base_nodes_u_1p0_seed_2_8_nodes_full_data.csv,3,6,10,10000,0.8952,0.8234,0.8239,0.8227,0.8233,0.2265,0.6297,0.0585,0.3852,0.6117
XGBoost,SF_Large_Sample_Size_Dataset_Linear_ReLU_50%_10_base_nodes_u_1p0_seed_3_8_nodes_full_data.csv,3,6,10,10000,0.9538,0.8824,0.896,0.8653,0.8804,0.1596,1.3962,0.0297,0.5625,0.4029
XGBoost,SF_Large_Sample_Size_Dataset_Linear_ReLU_50%_10_base_nodes_u_1p0_seed_4_8_nodes_full_data.csv,3,6,10,10000,0.9969,0.9702,0.9747,0.9656,0.9701,0.1402,1.3297,0.0271,0.5655,0.4252
XGBoost,SF_Large_Sample_Size_Dataset_Linear_ReLU_50%_10_base_nodes_u_1p0_seed_5_8_nodes_full_data.csv,3,6,10,10000,0.9228,0.8511,0.8678,0.8284,0.8477,0.715,7.0194,0.5155,0.8338,0.1188
XGBoost,SF_Large_Sample_Size_Dataset_Linear_ReLU_50%_10_base_nodes_u_1p0_seed_6_8_nodes_full_data.csv,3,6,10,10000,0.8287,0.7473,0.7505,0.7411,0.7458,0.3033,1.8868,0.1876,0.6454,0.3421
XGBoost,SF_Large_Sample_Size_Dataset_Linear_ReLU_50%_10_base_nodes_u_1p0_seed_7_8_nodes_full_data.csv,3,6,10,10000,0.973,0.9107,0.903,0.9202,0.9115,0.0917,1.1978,0.0247,0.5552,0.4635
XGBoost,SF_Large_Sample_Size_Dataset_Linear_ReLU_50%_10_base_nodes_u_1p0_seed_8_8_nodes_full_data.csv,3,6,10,10000,0.8181,0.7322,0.7388,0.7184,0.7285,0.0625,1.1375,0.069,0.5174,0.4548
XGBoost,SF_Large_Sample_Size_Dataset_Linear_ReLU_50%_10_base_nodes_u_1p0_seed_9_8_nodes_full_data.csv,3,6,10,10000,0.983,0.9263,0.933,0.9187,0.9258,0.2878,0.5473,0.0556,0.348,0.6358
XGBoost,SF_Large_Sample_Size_Dataset_Linear_ReLU_50%_10_base_nodes_u_2p0_seed_0_8_nodes_full_data.csv,3,6,20,10000,0.7291,0.663,0.6534,0.6944,0.6733,0.0923,0.8401,0.1532,0.485,0.5773
XGBoost,SF_Large_Sample_Size_Dataset_Linear_ReLU_50%_10_base_nodes_u_2p0_seed_1_8_nodes_full_data.csv,3,6,20,10000,0.7226,0.6693,0.6817,0.6353,0.6577,0.5915,0.2229,0.6344,0.1697,0.7611
XGBoost,SF_Large_Sample_Size_Dataset_Linear_ReLU_50%_10_base_nodes_u_2p0_seed_2_8_nodes_full_data.csv,3,6,20,10000,0.8079,0.7367,0.7604,0.6911,0.7241,0.3291,0.468,0.3732,0.2895,0.6186
XGBoost,SF_Large_Sample_Size_Dataset_Linear_ReLU_50%_10_base_nodes_u_2p0_seed_3_8_nodes_full_data.csv,3,6,20,10000,0.9573,0.8807,0.8867,0.8729,0.8797,0.2253,1.5937,0.1493,0.6049,0.3796
XGBoost,SF_Large_Sample_Size_Dataset_Linear_ReLU_50%_10_base_nodes_u_2p0_seed_4_8_nodes_full_data.csv,3,6,20,10000,0.9954,0.9651,0.9628,0.9676,0.9652,0.1871,0.6862,0.0196,0.4092,0.5963
XGBoost,SF_Large_Sample_Size_Dataset_Linear_ReLU_50%_10_base_nodes_u_2p0_seed_5_8_nodes_full_data.csv,3,6,20,10000,0.995,0.9697,0.9717,0.9676,0.9696,0.1655,1.3982,0.0089,0.5812,0.4157
XGBoost,SF_Large_Sample_Size_Dataset_Linear_ReLU_50%_10_base_nodes_u_2p0_seed_6_8_nodes_full_data.csv,3,6,20,10000,0.7331,0.676,0.6819,0.6598,0.6707,0.3902,2.3518,0.2799,0.6789,0.2887
XGBoost,SF_Large_Sample_Size_Dataset_Linear_ReLU_50%_10_base_nodes_u_2p0_seed_7_8_nodes_full_data.csv,3,6,20,10000,0.9855,0.9392,0.9465,0.9311,0.9387,0.1453,1.3467,0.0471,0.5646,0.4192
XGBoost,SF_Large_Sample_Size_Dataset_Linear_ReLU_50%_10_base_nodes_u_2p0_seed_8_8_nodes_full_data.csv,3,6,20,10000,0.8597,0.7722,0.7719,0.7729,0.7724,0.0789,0.8539,0.0738,0.4612,0.5401
XGBoost,SF_Large_Sample_Size_Dataset_Linear_ReLU_50%_10_base_nodes_u_2p0_seed_9_8_nodes_full_data.csv,3,6,20,10000,0.9787,0.9378,0.9567,0.9171,0.9365,0.4266,2.6006,0.1274,0.6931,0.2665
XGBoost,SF_Large_Sample_Size_Dataset_Linear_ReLU_50%_20_base_nodes_u_0p0_seed_0_18_nodes_full_data.csv,3,16,0,20000,0.998,0.9779,0.9805,0.9752,0.9778,0.2209,0.6365,0.0154,0.3869,0.6079
XGBoost,SF_Large_Sample_Size_Dataset_Linear_ReLU_50%_20_base_nodes_u_0p0_seed_1_18_nodes_full_data.csv,3,16,0,20000,0.9833,0.9299,0.9325,0.9271,0.9297,0.3256,1.9737,0.0291,0.66,0.3344
XGBoost,SF_Large_Sample_Size_Dataset_Linear_ReLU_50%_20_base_nodes_u_0p0_seed_2_18_nodes_full_data.csv,3,16,0,20000,0.8511,0.7687,0.7815,0.7461,0.7634,0.5961,0.2306,0.5562,0.1786,0.7747
XGBoost,SF_Large_Sample_Size_Dataset_Linear_ReLU_50%_20_base_nodes_u_0p0_seed_3_18_nodes_full_data.csv,3,16,0,20000,0.8856,0.7974,0.8147,0.77,0.7917,0.0097,1.0208,0.023,0.4774,0.4677
XGBoost,SF_Large_Sample_Size_Dataset_Linear_ReLU_50%_20_base_nodes_u_0p0_seed_4_18_nodes_full_data.csv,3,16,0,20000,0.9109,0.8293,0.8406,0.8126,0.8264,0.3105,0.5137,0.1644,0.3279,0.6384
XGBoost,SF_Large_Sample_Size_Dataset_Linear_ReLU_50%_20_base_nodes_u_0p0_seed_5_18_nodes_full_data.csv,3,16,0,20000,0.9945,0.96,0.9672,0.9523,0.9597,0.6239,4.4531,0.1256,0.8046,0.1807
XGBoost,SF_Large_Sample_Size_Dataset_Linear_ReLU_50%_20_base_nodes_u_0p0_seed_6_18_nodes_full_data.csv,3,16,0,20000,0.9837,0.9317,0.9301,0.9335,0.9318,0.5811,0.2666,0.1445,0.2112,0.7923
XGBoost,SF_Large_Sample_Size_Dataset_Linear_ReLU_50%_20_base_nodes_u_0p0_seed_7_18_nodes_full_data.csv,3,16,0,20000,0.9073,0.8239,0.8348,0.8078,0.8211,0.3294,0.492,0.2393,0.319,0.6484
XGBoost,SF_Large_Sample_Size_Dataset_Linear_ReLU_50%_20_base_nodes_u_0p0_seed_8_18_nodes_full_data.csv,3,16,0,20000,0.8651,0.7897,0.7861,0.7961,0.7911,0.4175,0.4166,0.2356,0.2981,0.7156
XGBoost,SF_Large_Sample_Size_Dataset_Linear_ReLU_50%_20_base_nodes_u_0p0_seed_9_18_nodes_full_data.csv,3,16,0,20000,0.992,0.955,0.9645,0.9447,0.9545,0.1725,1.4276,0.0244,0.576,0.4035
XGBoost,SF_Large_Sample_Size_Dataset_Linear_ReLU_50%_20_base_nodes_u_0p5_seed_0_18_nodes_full_data.csv,3,16,10,20000,0.9817,0.9303,0.9426,0.9164,0.9293,0.5597,3.7147,0.2746,0.7659,0.2062
XGBoost,SF_Large_Sample_Size_Dataset_Linear_ReLU_50%_20_base_nodes_u_0p5_seed_1_18_nodes_full_data.csv,3,16,10,20000,0.9814,0.9285,0.9324,0.924,0.9282,0.5498,0.286,0.1726,0.2203,0.7701
XGBoost,SF_Large_Sample_Size_Dataset_Linear_ReLU_50%_20_base_nodes_u_0p5_seed_2_18_nodes_full_data.csv,3,16,10,20000,0.9884,0.9416,0.94,0.9434,0.9417,0.1631,1.3879,0.0037,0.5834,0.4204
XGBoost,SF_Large_Sample_Size_Dataset_Linear_ReLU_50%_20_base_nodes_u_0p5_seed_3_18_nodes_full_data.csv,3,16,10,20000,0.9904,0.9469,0.9429,0.9514,0.9471,0.556,0.2891,0.0815,0.2262,0.7821
XGBoost,SF_Large_Sample_Size_Dataset_Linear_ReLU_50%_20_base_nodes_u_0p5_seed_4_18_nodes_full_data.csv,3,16,10,20000,0.8609,0.7938,0.8103,0.7673,0.7882,0.1953,0.6579,0.1392,0.3757,0.571
XGBoost,SF_Large_Sample_Size_Dataset_Linear_ReLU_50%_20_base_nodes_u_0p5_seed_5_18_nodes_full_data.csv,3,16,10,20000,0.9164,0.8447,0.8788,0.7997,0.8374,0.4587,3.0352,0.3677,0.6841,0.2254
XGBoost,SF_Large_Sample_Size_Dataset_Linear_ReLU_50%_20_base_nodes_u_0p5_seed_6_18_nodes_full_data.csv,3,16,10,20000,0.9952,0.9639,0.968,0.9596,0.9638,0.5472,0.2889,0.1002,0.2223,0.7694
XGBoost,SF_Large_Sample_Size_Dataset_Linear_ReLU_50%_20_base_nodes_u_0p5_seed_7_18_nodes_full_data.csv,3,16,10,20000,0.9958,0.9674,0.9643,0.9706,0.9675,0.5298,3.229,0.0442,0.7675,0.2377
XGBoost,SF_Large_Sample_Size_Dataset_Linear_ReLU_50%_20_base_nodes_u_0p5_seed_8_18_nodes_full_data.csv,3,16,10,20000,0.9952,0.961,0.9659,0.9558,0.9608,0.4486,0.3761,0.0503,0.2705,0.7191
XGBoost,SF_Large_Sample_Size_Dataset_Linear_ReLU_50%_20_base_nodes_u_0p5_seed_9_18_nodes_full_data.csv,3,16,10,20000,0.9967,0.9715,0.9834,0.9593,0.9712,0.5895,0.2464,0.0615,0.1927,0.7822
XGBoost,SF_Large_Sample_Size_Dataset_Linear_ReLU_50%_20_base_nodes_u_1p0_seed_0_18_nodes_full_data.csv,3,16,20,20000,0.8565,0.7769,0.7717,0.7866,0.7791,0.0816,0.8518,0.0389,0.4689,0.5505
XGBoost,SF_Large_Sample_Size_Dataset_Linear_ReLU_50%_20_base_nodes_u_1p0_seed_1_18_nodes_full_data.csv,3,16,20,20000,0.9243,0.8516,0.8577,0.8432,0.8504,0.3296,2.0092,0.1654,0.6562,0.3266
XGBoost,SF_Large_Sample_Size_Dataset_Linear_ReLU_50%_20_base_nodes_u_1p0_seed_2_18_nodes_full_data.csv,3,16,20,20000,0.9165,0.8388,0.8674,0.8,0.8323,0.4707,0.3242,0.3672,0.2258,0.6964
XGBoost,SF_Large_Sample_Size_Dataset_Linear_ReLU_50%_20_base_nodes_u_1p0_seed_3_18_nodes_full_data.csv,3,16,20,20000,0.9755,0.9253,0.9426,0.9057,0.9238,0.1925,0.6663,0.056,0.3843,0.5768
XGBoost,SF_Large_Sample_Size_Dataset_Linear_ReLU_50%_20_base_nodes_u_1p0_seed_4_18_nodes_full_data.csv,3,16,20,20000,0.994,0.9592,0.9645,0.9534,0.9589,0.6081,4.194,0.1069,0.7985,0.1904
XGBoost,SF_Large_Sample_Size_Dataset_Linear_ReLU_50%_20_base_nodes_u_1p0_seed_5_18_nodes_full_data.csv,3,16,20,20000,0.9974,0.9696,0.9733,0.9657,0.9695,0.3366,2.0257,0.0368,0.6648,0.3282
XGBoost,SF_Large_Sample_Size_Dataset_Linear_ReLU_50%_20_base_nodes_u_1p0_seed_6_18_nodes_full_data.csv,3,16,20,20000,0.9784,0.9202,0.9316,0.9071,0.9191,0.4174,2.4998,0.1334,0.6958,0.2783
XGBoost,SF_Large_Sample_Size_Dataset_Linear_ReLU_50%_20_base_nodes_u_1p0_seed_7_18_nodes_full_data.csv,3,16,20,20000,0.973,0.9083,0.9053,0.912,0.9087,0.218,0.6443,0.0555,0.3949,0.6129
XGBoost,SF_Large_Sample_Size_Dataset_Linear_ReLU_50%_20_base_nodes_u_1p0_seed_8_18_nodes_full_data.csv,3,16,20,20000,0.9871,0.9404,0.9455,0.9346,0.94,0.0669,0.8732,0.0362,0.4609,0.5278
XGBoost,SF_Large_Sample_Size_Dataset_Linear_ReLU_50%_20_base_nodes_u_1p0_seed_9_18_nodes_full_data.csv,3,16,20,20000,0.9331,0.85,0.8698,0.8233,0.8459,0.0232,0.9522,0.0003,0.4617,0.4848
XGBoost,SF_Large_Sample_Size_Dataset_Linear_ReLU_50%_20_base_nodes_u_2p0_seed_0_18_nodes_full_data.csv,3,16,40,20000,0.8786,0.7967,0.8067,0.7804,0.7933,0.4907,3.0575,0.384,0.7292,0.2385
XGBoost,SF_Large_Sample_Size_Dataset_Linear_ReLU_50%_20_base_nodes_u_2p0_seed_1_18_nodes_full_data.csv,3,16,40,20000,0.5109,0.5096,0.5098,0.4995,0.5046,0.0043,0.9912,0.0175,0.4877,0.492
XGBoost,SF_Large_Sample_Size_Dataset_Linear_ReLU_50%_20_base_nodes_u_2p0_seed_2_18_nodes_full_data.csv,3,16,40,20000,0.9842,0.9326,0.934,0.9309,0.9325,0.0668,0.8743,0.0018,0.465,0.5318
XGBoost,SF_Large_Sample_Size_Dataset_Linear_ReLU_50%_20_base_nodes_u_2p0_seed_3_18_nodes_full_data.csv,3,16,40,20000,0.956,0.8816,0.8968,0.8624,0.8793,0.1951,1.509,0.1128,0.5785,0.3834
XGBoost,SF_Large_Sample_Size_Dataset_Linear_ReLU_50%_20_base_nodes_u_2p0_seed_4_18_nodes_full_data.csv,3,16,40,20000,0.9557,0.8842,0.8892,0.8777,0.8834,0.7811,8.6047,0.5149,0.8838,0.1027
XGBoost,SF_Large_Sample_Size_Dataset_Linear_ReLU_50%_20_base_nodes_u_2p0_seed_5_18_nodes_full_data.csv,3,16,40,20000,0.9967,0.9698,0.9732,0.9663,0.9697,0.3837,2.2579,0.0318,0.6887,0.305
XGBoost,SF_Large_Sample_Size_Dataset_Linear_ReLU_50%_20_base_nodes_u_2p0_seed_6_18_nodes_full_data.csv,3,16,40,20000,0.9596,0.9082,0.9263,0.8868,0.9062,0.5762,0.2484,0.2774,0.1905,0.7667
XGBoost,SF_Large_Sample_Size_Dataset_Linear_ReLU_50%_20_base_nodes_u_2p0_seed_7_18_nodes_full_data.csv,3,16,40,20000,0.9722,0.9305,0.9709,0.8877,0.9274,0.6328,5.4966,0.3409,0.7736,0.1407
XGBoost,SF_Large_Sample_Size_Dataset_Linear_ReLU_50%_20_base_nodes_u_2p0_seed_8_18_nodes_full_data.csv,3,16,40,20000,0.9969,0.9708,0.9643,0.9778,0.971,0.1515,1.3513,0.0036,0.5826,0.4312
XGBoost,SF_Large_Sample_Size_Dataset_Linear_ReLU_50%_20_base_nodes_u_2p0_seed_9_18_nodes_full_data.csv,3,16,40,20000,0.852,0.7871,0.8234,0.7311,0.7745,0.4963,3.5361,0.5139,0.692,0.1957
