candidate_id,S_ImmigStatus,X_uni,X_code,X_behav,X_ref,X_exp,X_permit,Y_Target
0,1,3,50.21862449256534,61.22031012651552,0,3,0,1
1,0,3,24.288349074430233,34.58969151773436,0,4,1,0
2,0,2,20.700277515335,24.111460873058473,0,6,1,0
3,0,3,44.94047388796271,22.03892870270511,0,3,0,0
4,1,3,62.58562023599591,75.65023720267479,0,6,0,1
5,1,3,78.49299414495881,93.17167647947868,1,10,1,1
6,0,3,52.97521913162158,30.892102204844317,0,5,1,0
7,0,3,57.79938080819873,31.682094526816712,1,5,1,0
8,0,3,39.42931650891801,43.817001905311926,0,8,1,1
9,0,3,82.74412744378172,70.33526755461823,1,9,1,1
10,0,3,47.06609642034435,33.846065771855294,0,4,1,0
11,0,3,49.30727395773174,41.27019187112148,0,5,1,0
12,1,2,53.61292013035539,61.62979919074219,1,5,0,0
13,1,3,54.17957900721204,61.15892200886986,0,2,0,0
14,0,3,69.93520182137698,64.94116122267778,1,10,0,1
15,0,3,0.0,29.269157706421733,0,6,0,0
16,0,3,52.359944560306126,26.184338560887955,0,3,1,0
17,0,3,48.77775723239905,34.56682978458452,0,2,0,0
18,0,3,65.58443786054634,54.11065163105348,1,2,1,0
19,1,3,26.312434751429148,49.63977298064072,0,8,0,0
20,0,3,46.56246210625446,28.04520863963976,0,2,1,0
21,1,3,43.84867677873578,55.70739311838699,0,11,0,1
22,0,2,44.13434282042111,35.41165561050869,0,4,1,0
23,0,2,35.181421652000644,36.74697211085967,0,8,1,0
24,0,3,23.890413954571393,31.255020892318974,0,9,1,0
25,1,3,63.47721841317956,58.37261394749171,0,5,0,1
26,0,3,49.1074863111917,32.75561418194666,0,5,1,0
27,1,3,70.98615873023014,58.20383511104295,1,7,0,1
28,1,3,75.11995943516581,66.1467828653251,1,6,1,1
29,1,3,39.64158226418702,40.34336118248925,0,0,0,0
30,0,2,23.12978160413121,29.053686727766006,0,7,0,0
31,0,2,41.54738953759246,40.814575004968155,0,9,1,0
32,0,3,54.58250691466089,52.18942057163836,1,8,1,1
33,1,2,81.71889005662777,84.14986804923441,1,6,1,1
34,0,3,70.16689124271124,50.26595378003546,1,5,0,1
35,0,3,59.21285217482237,39.03581173662731,0,2,1,0
36,0,2,29.447491687982055,18.006546707813776,0,4,1,0
37,0,3,44.02685376571656,38.12688433738615,0,5,0,0
38,0,3,39.39964996818372,38.4446879122173,0,7,1,1
39,0,3,55.386567311446186,28.7001289803993,0,3,0,0
40,0,2,46.14629223256746,45.554930306227796,0,9,0,1
41,1,3,51.25808832948233,63.45429247330538,0,7,1,0
42,1,2,57.299065413192835,69.05178688040799,1,4,0,1
43,0,3,40.60536614666823,34.12700718049946,0,5,1,0
44,0,3,68.93193201357694,40.23849963210902,1,1,0,0
45,1,3,39.122721733347944,43.89021356885144,0,6,0,0
46,1,3,55.842838091597905,51.20663757956456,0,5,1,1
47,1,3,39.01578126983204,48.23225059203214,0,5,0,0
48,0,3,53.768783182035875,45.55179083248187,0,5,1,0
49,0,3,63.14773010498252,37.474563007695224,1,5,0,0
50,1,3,52.88791095469821,55.81794755590001,0,3,0,1
51,0,3,71.51922459322584,42.00602943467644,1,5,1,1
52,0,3,78.60164440351048,60.57882691490801,1,5,1,1
53,0,3,57.7608198818477,43.52803476864475,0,4,0,1
54,0,2,51.19255654643442,37.97511834470226,0,5,1,0
55,0,3,50.37033997546744,40.742526107949395,0,6,0,0
56,0,3,55.1863875231354,37.26839723046669,0,4,1,0
57,0,3,71.6356438829081,50.09839905328095,1,5,0,0
58,1,3,36.71352350171286,40.78592645584098,0,7,0,1
59,0,3,47.622385319616335,41.47374107497574,0,4,1,0
60,0,3,49.17583523028264,31.93453508167225,0,5,1,0
61,0,3,71.18825288302777,44.74659089268585,0,6,0,0
62,0,3,56.79961855900969,49.03328922891811,0,5,1,0
63,0,2,64.62000017658052,48.67156463887182,1,5,0,1
64,0,3,61.09771724774076,50.02472849325671,1,4,1,0
65,0,3,49.66841734840073,33.307239495524186,0,3,1,0
66,1,2,51.98859532184993,53.27523744914593,0,6,1,1
67,0,3,49.29789454770119,38.43655792118434,0,4,0,1
68,0,2,77.61710601678345,42.87978742514127,1,3,1,1
69,0,3,55.59523406515413,36.54016827438704,0,4,0,0
70,0,3,86.58736595958815,67.59071216076988,1,7,1,1
71,0,3,57.76006533897367,47.88462420272596,1,5,1,0
72,1,3,57.97190593563961,62.83525470189737,1,5,0,1
73,1,3,63.5874872469939,66.76085715625541,1,4,1,1
74,1,3,59.25468275043231,48.796504852436804,0,4,0,1
75,0,3,47.993641108096476,32.700580366696,0,5,1,1
76,0,3,57.93371832556279,46.71814462142242,0,5,0,0
77,0,3,64.03409286866992,42.16088181145124,1,2,1,0
78,1,3,55.833963708201665,51.19027777114791,1,3,0,0
79,1,3,43.74625376419133,40.192985752523036,0,3,0,0
80,0,3,29.853518957726997,19.02882619127439,0,2,1,0
81,0,3,38.56150744189327,16.75855322575512,0,3,1,0
82,0,3,37.60612251506272,22.76566045901004,0,4,0,0
83,0,3,70.14067736735251,47.847158575393046,1,6,1,1
84,0,3,42.317702352207654,34.30653964022472,0,7,0,1
85,1,3,73.2604852564462,81.175984774975,1,7,0,1
86,0,2,50.939452115836424,42.860664105614624,0,6,1,1
87,1,2,55.45645833985135,58.440536360226815,0,4,0,1
88,0,2,57.74120126221932,24.742597906740546,0,2,0,0
89,0,3,72.49164408622619,42.89896030369281,1,0,1,0
90,1,3,51.76855368491664,56.42532618094327,0,6,0,1
91,0,2,59.49338152196042,35.09692250927479,1,5,1,1
92,1,3,89.78410745589002,63.00433062300814,1,2,1,1
93,0,3,55.321749000154966,31.53357060428401,1,4,1,0
94,0,3,51.6718067172376,44.93307656464217,0,8,1,0
95,1,3,60.3474153162283,63.602983493768264,1,8,0,1
96,0,3,52.310017709916224,43.918644691476665,0,4,1,0
97,0,2,38.2386522692791,13.147098667233363,0,2,0,0
98,1,3,100.0,50.7902491012373,1,1,0,1
99,0,3,43.00271077940416,39.54762777401677,0,8,0,1
100,0,3,24.515253125640076,17.9249798194987,0,6,1,0
101,1,3,37.11339657017878,53.27867278042241,0,5,1,0
102,0,3,37.7999326928872,43.37817402944494,0,11,1,0
103,0,3,19.12601953670608,18.255582981540098,0,3,0,0
104,0,3,25.40222800620089,21.17869683548305,0,5,1,0
105,0,2,51.17965084790165,45.438985967835194,0,8,1,0
106,0,3,81.24697927677693,58.3931105176718,1,4,0,1
107,0,3,43.42750465326495,28.658005716941428,0,7,1,0
108,0,3,43.32638424182552,34.533050798897925,0,5,1,0
109,0,3,1.1705888772438442,53.077669842307046,1,7,0,1
110,0,2,60.41199392455554,50.73417147844203,1,6,1,1
111,1,3,45.66436088575358,63.141065914144114,0,7,0,0
112,0,3,40.3551015805082,32.829295066039286,0,4,1,0
113,0,3,61.744160166572726,48.59549854839301,1,4,1,0
114,0,3,53.86024144372545,9.45717468396419,0,7,1,0
115,0,3,60.65978717751367,46.36255365075847,1,5,0,1
116,0,3,53.79336926158998,45.26514180894878,1,6,1,1
117,1,2,33.93452787447561,49.65713055513145,0,6,1,0
118,0,3,57.137452317906124,40.43933717371908,0,6,0,0
119,0,3,31.63975476735536,21.99106782810089,0,5,1,0
120,0,3,77.81095376928725,52.41767655599997,1,5,1,1
121,1,3,58.43337151207496,72.31456280641525,1,8,1,1
122,1,2,46.57781000827776,53.279653391361904,0,5,0,0
123,1,3,53.6757688098019,65.7175707519769,0,5,0,0
124,0,2,45.97562153253378,28.876036150028515,0,8,1,0
125,0,3,45.62483759692337,32.48765494896375,0,2,1,0
126,0,3,56.07384541579647,44.84397620219613,0,6,0,1
127,1,3,42.702590469135764,66.13138388701006,0,10,0,1
128,1,3,59.92569948055901,73.92356137035402,1,8,0,1
129,0,3,64.39444950745666,43.33276914357066,1,7,1,0
130,1,1,47.7533357202074,45.61563216140663,0,5,0,1
131,0,3,52.705981264457144,45.565599299665486,1,6,1,1
132,1,2,68.47174631468513,50.19482884615029,1,1,1,0
133,1,2,50.57921696589339,53.085671665551246,0,6,1,0
134,0,3,46.9292084763717,34.8226461558002,0,4,0,0
135,0,3,34.21012609366733,26.86878031949695,0,4,1,0
136,0,3,39.61449964239979,32.41683641083008,0,9,0,1
137,0,3,60.84189553380342,43.86176367494204,1,6,0,1
138,0,3,25.641182382570257,20.00547019744512,1,7,1,0
139,0,3,61.33024834648233,32.08348268463806,0,2,1,0
140,1,3,57.271408609989614,62.22407003280284,1,5,1,1
141,1,3,100.0,55.28919210312483,0,7,1,1
142,0,2,54.19907451860919,37.71789392279142,1,6,1,0
143,0,2,46.20528551703494,29.630255233871694,0,6,1,0
144,0,3,52.986042349683515,38.31913867807643,0,4,1,0
145,0,3,28.869608278640502,13.084454721003699,0,3,1,0
146,0,3,14.798355641909845,18.87777084856705,0,6,1,0
147,0,3,36.233848249088624,17.87516855003482,0,5,1,0
148,0,3,48.54081368894578,21.187368186449575,0,4,1,0
149,1,3,32.94090800830619,51.39065138116595,0,4,0,0
150,0,3,44.991032844410036,29.270009079855217,0,6,1,0
151,0,2,38.93015605044739,23.96202928769425,0,2,1,0
152,1,3,54.05735794192754,62.992461340225525,0,6,0,1
153,0,2,55.58404162363456,48.23281509099304,0,6,1,0
154,1,3,57.795429586827915,77.25895186756264,0,8,0,1
155,0,3,70.39698129250235,45.73571356999545,1,7,1,1
156,0,3,38.75175903502381,36.841369716108986,0,6,0,0
157,0,3,67.97111222011864,44.62782365972406,1,5,1,1
158,0,3,63.06591597816465,45.46065532769497,0,9,1,1
159,0,3,46.478646592505164,40.64661571418959,0,11,1,0
160,1,3,48.73151267967785,58.12615027364842,0,4,0,1
161,0,3,23.293889907035684,3.2588843045576894,0,5,1,0
162,1,3,30.36978660999283,42.15972629335201,0,3,0,0
163,0,3,45.05203898494065,25.74221914099835,0,5,1,0
164,0,3,35.06925019974353,26.926380760959614,0,7,0,0
165,1,3,50.92723988900393,62.783414660392644,0,6,0,1
166,0,3,27.826241121183553,10.947505511509423,0,2,1,0
167,0,3,40.194630096656596,35.9520004232531,0,5,1,0
168,0,3,62.643923279901635,45.174377923659854,1,9,0,0
169,0,3,67.39749597899173,52.22075078624227,1,4,0,1
170,0,3,46.83463015739714,33.998290982283976,0,4,1,0
171,0,3,74.11478521139821,53.65003259091455,1,6,1,1
172,1,3,41.51269104680749,52.823322126786344,0,3,0,1
173,0,3,33.49283367939473,18.99943769246475,0,6,1,0
174,0,3,37.08739033284993,12.770905297115174,0,2,0,0
175,0,3,46.38793367063311,33.61095058298811,0,5,0,0
176,0,3,32.800001825376754,24.57859730145624,0,4,1,0
177,1,3,59.38730971479176,70.96583463437288,1,7,0,1
178,0,2,54.41660023733168,44.122040354351206,0,7,1,0
179,1,2,56.43733738897861,56.39996345542457,1,6,0,1
180,1,2,55.75673077140758,62.814147476851154,0,7,1,1
181,0,3,76.37481312926944,60.528536495125024,1,5,1,0
182,1,3,64.00319716702606,72.83144568121278,1,5,0,1
183,0,3,55.11573939575522,55.726648428103076,0,8,1,0
184,0,2,75.05991177022071,41.23132367113537,1,3,0,1
185,0,3,25.0399441498527,13.616076750485625,0,5,0,0
186,1,3,45.1379546665735,51.752165097623134,0,4,1,0
187,0,3,41.36391789401965,32.08518059536296,0,9,1,0
188,0,3,61.19319921104972,53.03211341556385,1,7,0,1
189,0,3,66.91656459036102,54.49744372759534,1,3,1,1
190,0,3,40.242183900878636,17.184201018348556,0,6,1,0
191,0,3,66.07374489186567,41.606615728591436,1,5,1,1
192,0,3,41.404409654284315,23.08443529365296,0,0,1,0
193,0,3,61.19740677605505,25.559892923736992,0,5,0,0
194,0,3,79.35718731371547,52.107848665186125,1,5,0,1
195,0,3,51.13533259972223,30.667937091840788,0,2,0,0
196,0,3,60.535095072362225,35.43405359349749,1,7,0,1
197,1,2,47.324665732764615,62.16414406489158,0,2,0,1
198,0,3,71.87933839697641,41.71683828270976,1,6,0,1
199,0,3,49.90828833249687,33.69065781390726,0,4,0,0
200,0,3,50.16796576881943,42.45262116359016,0,6,1,1
201,1,2,41.09358118986806,46.9638118421374,0,5,0,1
202,0,2,43.17887788822408,40.5630618535981,0,10,1,0
203,1,3,45.976112697422536,55.23665172733302,0,2,1,0
204,1,3,46.900351891188684,48.1028864751848,0,4,0,0
205,0,3,86.69983450556862,45.03213891525228,1,3,1,1
206,1,3,41.161021430472196,32.5893938971644,0,1,1,0
207,0,2,57.49795637791088,39.185853520451566,1,2,1,0
208,0,2,28.934296606310944,18.283443129573918,0,1,1,0
209,0,3,38.1122460177731,22.56298793960553,0,5,1,0
210,0,3,67.98551270943685,51.345135532195705,1,5,0,1
211,1,2,25.805371497557548,35.724125899825125,0,3,0,0
212,0,3,46.95981403058416,26.20328154167566,0,1,1,0
213,1,2,26.536824990202213,29.309496819707245,0,2,0,0
214,0,3,91.3099412307528,63.75955718522794,1,8,1,1
215,0,3,57.15737196025635,42.36132994449314,1,5,0,1
216,0,3,52.786218621132804,52.86247687893043,0,10,1,0
217,0,2,30.063581214185895,15.981422148422787,0,4,0,0
218,0,2,59.038624616442114,44.158645162471345,1,5,1,1
219,0,3,48.33457737134939,39.18035966097755,0,6,0,0
220,0,3,36.079446289375866,19.51413901500306,0,4,1,0
221,0,3,57.39893343711892,39.89632885711925,1,4,0,0
222,0,3,57.912229111766386,51.467187918267946,0,10,1,1
223,0,3,54.885058304110416,35.75755417691948,0,2,1,0
224,0,3,51.61791479421139,49.717849890125656,0,6,1,0
225,1,3,33.5078210367242,34.74267562599081,0,3,0,0
226,0,3,33.964801372591914,17.90253306246224,0,5,1,0
227,0,3,75.03178761652812,43.43562413093306,1,5,0,1
228,0,3,44.87852307643631,27.91366471500706,0,7,0,0
229,0,3,54.30657766475875,43.006831112452616,0,4,1,0
230,0,3,69.50325454588044,48.742499165297666,1,4,1,1
231,1,3,67.0269289923206,44.63071637919872,1,5,1,0
232,0,3,61.785450241979085,46.8720555251089,1,6,0,0
233,0,3,60.79680810791435,37.85652317647171,0,5,1,0
234,0,3,49.036697107709045,29.75751708919469,0,5,1,0
235,0,3,54.641869142261065,45.657712129504695,0,7,0,0
236,0,3,44.99618010246189,38.09454302027858,0,4,0,0
237,0,3,43.562041660600826,36.99592771867589,0,9,1,1
238,0,3,40.14247957937999,18.0974361000209,0,4,1,0
239,0,3,40.311975773707694,31.117289619613164,0,5,1,0
240,0,3,59.46244227799121,45.790118144983225,0,6,1,0
241,0,3,66.21269612525559,42.66799468957673,1,4,1,0
242,1,3,51.77793688299456,62.271702398523374,1,5,1,1
243,0,3,52.4977882033093,49.65242710556973,1,6,1,0
244,0,3,66.71315308757266,26.985093641901564,1,3,1,0
245,0,3,55.29204510324359,41.09238026632467,1,3,1,0
246,0,3,51.089586828962325,49.54592132656926,0,8,1,0
247,1,3,42.55804573977419,50.21258707609483,0,3,1,0
248,0,3,45.45439965101998,36.318093326286906,0,6,1,0
249,0,3,43.11144297275875,37.59428130324569,1,7,0,1
250,0,3,53.883797162345886,29.159252439654544,0,4,1,0
251,0,3,28.54860657892301,20.409419530194327,0,2,1,0
252,0,3,64.88224049116528,44.05785486432059,0,4,0,1
253,0,3,55.45299527155664,43.32846968299246,1,8,1,1
254,0,3,64.15799888446529,35.97023601068013,1,3,1,0
255,0,3,45.66319263113277,20.847275697630497,0,5,1,0
256,1,3,42.86499775738655,52.292881057598485,0,4,1,0
257,0,3,79.7499778412812,50.31805625157371,1,4,1,1
258,1,3,67.1962360359334,64.78161441321602,1,7,1,1
259,0,2,44.74399620584976,25.73535790256034,0,5,0,0
260,1,2,52.620241528988714,58.81862528737776,0,5,0,1
261,0,3,68.8321476645915,41.848248053117196,1,7,1,0
262,0,3,62.94999175608438,52.88044208078603,1,7,1,0
263,0,3,57.447705160326244,40.128705516464535,0,6,1,1
264,1,2,37.97111912424789,45.213493453072225,0,6,0,1
265,0,3,47.8245248809933,43.92414263789315,0,8,0,0
266,1,3,31.17059782774443,33.83749727574835,0,3,0,0
267,0,3,39.92606210222527,23.129207355993103,0,2,1,0
268,0,3,22.32657749413335,30.344289171811806,0,7,1,0
269,0,1,38.34320511319807,12.183187567986419,1,3,1,0
270,0,2,34.9653441379112,32.22346809814357,0,7,1,0
271,0,3,43.20778905855601,41.696746555043184,0,8,1,0
272,0,3,55.981331952895104,40.5802953628808,0,8,1,1
273,0,2,67.87033354052323,42.74161296210573,1,5,1,0
274,0,3,54.254395369139175,45.4298595439256,0,5,1,0
275,0,3,64.74675447932059,41.5931667925697,1,7,1,1
276,1,2,36.89873912652534,52.153100899022725,0,3,0,1
277,0,3,46.869897884172914,45.59523517922921,0,6,1,1
278,0,3,61.4878906957879,41.94343299917677,0,7,0,1
279,1,3,76.01733390052625,59.41668443465291,1,2,0,1
280,0,3,35.29035688965023,15.02901948475944,0,3,1,0
281,1,3,57.80020006894117,56.738047166218955,0,6,0,1
282,0,3,35.88235849741677,20.753404737862372,0,7,0,0
283,0,3,58.179589105263844,40.706614818566585,1,4,1,0
284,0,3,36.339785943110115,18.807158562748963,0,5,1,0
285,0,3,79.19090412300847,39.51106683901337,1,3,0,1
286,0,3,79.41588469828912,42.95946203684339,1,4,1,1
287,0,3,43.16942154612402,26.81984493278763,0,5,1,0
288,0,2,26.064502531451378,14.12549225457417,0,4,1,0
289,0,2,49.64814565261709,34.77017384032183,0,7,1,0
290,1,3,48.903948190743506,48.454651857677504,0,5,0,0
291,1,3,37.22569589328345,47.467545167016446,0,7,0,0
292,1,3,39.62794924244374,51.40777683927012,0,5,0,0
293,0,3,56.18175661070087,33.579214825190874,1,4,1,1
294,0,3,69.74721716760033,45.56372529376616,1,7,0,1
295,1,3,55.897028809878215,61.86401491303234,1,7,1,1
296,0,3,67.83116742580769,58.748425234188794,1,9,1,1
297,0,3,34.75810552650287,26.05719376883788,0,5,1,0
298,1,3,81.0588741874903,74.49481391546979,1,6,1,1
299,0,2,57.30100764627932,38.173342593003106,0,5,0,1
300,0,3,64.91648035675324,46.81906182562679,1,4,1,1
301,1,3,45.6691577220584,65.50097846567009,0,8,0,1
302,0,3,73.13128719023484,20.67765682881025,0,4,1,0
303,0,3,39.36664202952106,25.956587253811044,0,2,0,0
304,0,3,56.343709045406,34.01859043626489,1,3,1,1
305,0,3,69.8463157879008,56.93622290448116,1,7,0,1
306,0,2,33.667102757463816,28.621394270391583,0,6,1,0
307,1,3,46.574396326924514,40.38082261352027,0,2,0,0
308,0,2,64.77934724847634,53.28518263720021,1,3,1,0
309,0,3,21.805082381543063,34.92393283378956,0,5,0,0
310,1,2,43.599065390718806,65.66408091039891,0,8,0,1
311,0,3,46.68166446092887,24.970046036973255,0,3,1,0
312,1,3,57.602890731220874,53.72470757078608,0,5,1,0
313,1,3,30.118775207032474,48.60714234429468,0,5,0,1
314,0,2,47.55973440173527,19.52878534448112,0,4,1,0
315,1,3,43.695636856902766,61.5866387543422,0,7,0,1
316,1,3,67.73620846086285,73.36817578653283,1,6,0,1
317,1,3,23.28199539406422,43.66930579366239,0,7,1,0
318,0,3,52.67108630415116,36.68948953998294,1,7,0,1
319,0,3,60.50378384130177,35.15210524034231,1,6,1,1
320,0,3,16.802744235701102,23.551623940189966,0,6,0,0
321,0,2,52.35001671694737,32.91507427092222,0,3,1,0
322,1,3,59.525973699143925,67.72734200253647,1,5,1,1
323,0,3,32.94320983384918,26.89036196540827,0,6,1,0
324,1,3,45.89406010163828,53.19661376517638,0,3,0,1
325,0,3,56.834508650810236,36.07853067684212,0,5,1,1
326,0,3,80.69740682970053,54.44144554549726,1,5,1,1
327,0,2,62.05766931035167,39.8246132141885,1,7,1,0
328,1,3,53.76997866780267,55.15819006450539,0,2,1,0
329,1,2,45.1011764588225,60.01403600639225,0,7,0,1
330,0,3,51.80174311950476,42.809351670975346,0,8,0,1
331,0,3,51.30177092569122,40.59550226512664,0,5,1,0
332,0,3,79.77380849929163,55.55161156913707,1,3,1,1
333,0,3,37.099815475887,34.98613766767049,0,5,1,0
334,0,3,34.68722473295035,36.502082176493715,0,8,1,0
335,0,2,68.01049927482102,49.63299589456066,1,9,0,1
336,1,3,32.46958524616374,43.10011697614118,0,3,0,0
337,0,2,36.57943272591472,29.23442160612557,0,6,1,0
338,0,3,58.66588170489379,40.23767164129652,1,4,1,0
339,1,3,44.41401138072494,42.46527705855865,0,4,0,1
340,0,3,57.15599860289534,34.85524209038523,0,7,0,1
341,1,1,56.00651932029734,67.98605570662997,1,6,0,1
342,0,3,56.36543633034217,32.42828604423143,1,2,1,0
343,0,3,24.454695798060367,0.0,0,0,1,0
344,0,3,41.053784616325366,16.682739349787695,0,3,1,0
345,1,3,49.085537250873045,48.90020754720077,0,3,0,1
346,0,3,39.24561580553457,43.5840518183168,0,5,1,0
347,1,2,52.95453908923549,62.052978839066085,0,3,0,1
348,0,3,38.97327664974355,26.75939946030681,0,2,0,0
349,1,3,24.622925757113197,37.004084920556686,0,4,0,0
350,0,3,40.78539166813133,27.472958805216976,0,3,1,0
351,1,2,48.12441954527072,53.89647678517539,0,2,0,1
352,1,3,33.8375850157076,42.43808845686487,0,4,0,1
353,1,3,44.11977008775368,61.56050431242615,0,3,0,1
354,1,3,51.0108264233942,46.31967381781498,0,3,1,0
355,0,3,58.59520418593289,27.12712226597449,0,6,1,0
356,1,3,60.049632084049584,53.20310078141439,0,7,1,1
357,0,3,45.997790112187445,19.263911394248673,0,2,1,0
358,1,3,56.04514483009353,59.449959502902324,1,8,0,0
359,0,3,52.00343412754382,38.79857572752735,0,4,0,1
360,0,3,64.1660257617067,50.31706083100681,1,3,1,1
361,0,2,47.65889568227848,35.72117871671727,0,9,1,1
362,0,3,46.63531894160093,34.28581023543931,0,5,1,0
363,0,3,59.893201363216804,37.25285127518196,0,6,1,0
364,0,3,68.0759876452793,38.16717666659276,1,2,1,0
365,0,3,47.62705899106307,46.70740298675227,0,7,1,0
366,0,3,40.97530554838538,23.102334146685205,0,5,0,0
367,0,3,28.339174130683798,22.720521812735853,0,4,0,0
368,0,3,97.53808209546439,70.06125500730666,1,9,1,1
369,0,3,68.76522655170633,40.28140504586461,1,5,0,1
370,0,3,48.47968539414028,29.416380975135592,0,5,0,0
371,1,3,41.58144100510794,64.90727921585601,0,12,0,1
372,1,2,30.808167047210944,55.547462095067274,0,6,0,0
373,0,3,70.43532186640584,36.78532594233328,1,3,0,1
374,1,2,35.74216729495228,44.65885738534045,0,4,0,0
375,1,3,59.9038469184386,56.315919811223374,1,6,0,1
376,1,3,65.17988695341222,57.770071354222104,1,4,0,1
377,0,2,48.40403130714025,40.44470296118664,0,7,1,0
378,1,3,45.826560810514216,44.06467291297946,0,4,1,0
379,1,2,59.784372621473985,43.48839728450376,0,3,0,1
380,1,3,30.583792065965717,44.74198841676179,0,7,1,0
381,0,2,47.159092364555974,38.169051316427094,0,6,1,0
382,1,2,36.83527001421489,53.43533222051678,0,6,0,0
383,0,1,36.027276307444964,25.345967993410095,0,3,1,0
384,0,3,30.56026561601432,15.471116808561456,0,4,1,0
385,0,2,76.92043600813896,52.04376338729682,1,6,1,1
386,1,3,75.75136529780063,68.49846356790897,1,3,1,1
387,0,3,38.87420865932315,32.272383887179046,0,7,1,0
388,0,2,29.806996492857923,16.21381029103273,0,4,1,0
389,1,3,54.658424701645856,62.28530932468355,0,8,0,1
390,0,3,41.488875900521066,37.51452321639057,0,7,1,1
391,0,3,60.43459940907623,54.90487627213408,1,8,1,1
392,0,3,47.06477118660487,26.039674439148264,0,4,0,0
393,1,3,67.79042799029794,77.99493907158394,0,9,0,1
394,0,2,35.389075761347634,23.2167723065341,0,4,1,0
395,1,3,54.232130150945096,49.822071941851675,0,6,1,1
396,0,3,70.37330939479693,52.48755314536264,0,7,0,1
397,0,3,57.67994434153502,49.952632384376365,1,10,1,1
398,1,3,35.12429240859162,46.24951730404652,0,3,1,1
399,0,3,36.886173250153966,27.609956170330964,0,3,1,0
400,0,3,16.072185714250022,25.52802963894532,0,7,1,0
401,0,3,33.25934316444229,8.376860280580843,0,1,1,0
402,1,3,5.031975107706647,21.989496973459083,0,7,1,0
403,0,3,26.053588519272573,7.951902504819396,0,4,0,0
404,0,3,41.94853914776114,23.886082499276093,0,2,1,0
405,1,3,59.63134855819704,35.41599684775511,1,2,1,1
406,0,3,50.767257810782006,44.6244591211406,0,6,1,0
407,0,3,29.75092091044124,17.29015388132294,0,5,1,0
408,1,3,63.26356859425116,65.77631861206488,0,9,0,1
409,0,3,43.36474860857549,21.83032188428509,0,4,1,0
410,1,3,46.14943443501794,54.64004197223054,0,5,0,1
411,1,3,44.3964605340346,62.77688075531278,0,9,0,1
412,1,3,63.75387782599168,58.97340999399412,0,2,0,0
413,0,1,33.4330790032624,21.486752550569555,0,5,1,0
414,0,3,40.20857951510672,22.731067666035685,0,5,1,0
415,0,3,68.03312023446475,50.56803727103233,1,7,1,1
416,0,3,32.75389830251333,26.86791960484876,0,5,1,0
417,0,3,44.36004113215716,37.59445995292829,0,6,0,0
418,0,3,77.52343790513642,46.766295852879445,1,1,0,1
419,0,3,41.911365934090604,23.04933166808251,0,5,1,0
420,1,3,46.41738008715672,56.249613589956226,0,3,0,1
421,0,3,45.82353839104158,35.92635016756788,0,6,1,0
422,0,3,39.79021363697609,18.07374228183817,0,4,1,0
423,0,2,51.67951815323323,44.73300219394565,0,8,0,1
424,0,3,47.70923819983702,38.00218139401743,0,4,0,0
425,0,3,81.02375616057064,54.576011046715315,1,5,1,0
426,1,3,54.3181942620831,50.632376313173026,1,3,0,0
427,1,2,42.812675889554356,47.86149419752228,0,6,0,1
428,0,3,61.02023204712495,48.646236554918204,1,6,1,0
429,1,3,43.914719278727816,48.68305311835416,0,5,0,0
430,0,3,61.04380362679287,38.946873262716906,0,3,0,1
431,1,1,28.291248562399208,47.38434031191426,0,9,0,0
432,0,2,46.27832127187465,33.96745201686022,0,5,1,0
433,0,3,40.12050118333448,34.92288369941582,0,4,1,0
434,1,2,57.529010520936964,58.71327623215821,1,5,0,0
435,0,3,62.78827338924606,40.081137493702144,1,7,1,0
436,1,3,41.82325631325325,52.78955592192415,0,8,1,1
437,1,3,52.75148365235788,58.65209972771851,1,4,1,0
438,0,2,35.160396734765314,24.654310766774437,0,2,0,0
439,1,2,24.899846222483095,47.553183044170765,0,8,0,1
440,1,3,19.93163885384825,44.482836101012936,0,8,1,0
441,0,3,53.47054324430472,51.18266849817633,0,5,1,1
442,0,3,39.42525614767365,31.540440530332432,1,4,1,0
443,0,3,56.56311661320187,30.717172591036206,0,4,1,0
444,1,3,42.99986240940324,56.43933043854259,0,6,0,0
445,0,3,49.95812436939206,23.667053220283034,1,3,0,0
446,0,3,48.472300139695605,29.21718907672281,0,4,0,0
447,0,3,49.58003141663312,47.200320391556566,1,5,1,0
448,0,2,60.42160419400336,36.77087827746138,1,5,1,1
449,0,3,72.30809537084954,52.0599980190728,1,4,0,1
450,0,3,43.96639294455751,24.823895086921635,0,5,1,1
451,1,3,32.6533504026064,40.63234200817121,0,5,0,0
452,0,3,37.29006979064487,18.165576563274698,0,2,1,0
453,0,3,59.02939225347745,36.439962316435484,1,5,0,0
454,0,3,61.46003272081201,44.84941791865073,0,4,0,0
455,0,3,43.81701102768451,28.037316217413807,0,6,1,0
456,0,3,62.22472247535855,53.52060583285549,1,7,1,1
457,1,3,20.93093130245561,29.857579111197495,0,5,0,0
458,0,3,66.889653627682,41.37262944656229,1,5,1,0
459,1,2,51.39462301015793,55.2202784279675,0,3,1,1
460,0,3,45.254339105222144,34.642612283150854,0,9,1,0
461,0,3,53.91531236881326,45.64386553345254,0,2,1,1
462,0,3,53.91592357161206,25.580467559794926,0,6,1,0
463,1,3,60.66183489864706,67.56496330426558,1,5,1,0
464,1,3,76.81572015270231,76.66105658932972,1,5,1,1
465,1,3,30.81149366643846,50.775558421472866,0,5,0,1
466,0,3,49.21773303251891,35.4421029108836,0,4,0,0
467,0,3,28.797631936992417,27.52095051300001,1,1,1,0
468,1,3,61.277149304496035,59.95987808624325,1,3,0,1
469,0,3,29.99145570136703,10.520048705948604,0,3,0,0
470,0,2,62.71281541053953,36.833672086425494,1,4,1,1
471,0,3,54.93509190664529,30.84821958542199,0,4,1,0
472,1,3,61.606762042730885,52.47371293169223,0,3,0,0
473,0,3,35.8547529917142,33.41730928510289,0,11,1,0
474,0,2,22.7422043052362,7.266849499523846,0,3,0,0
475,1,3,35.089101205855854,33.2446750413605,0,2,0,0
476,0,3,21.93752122396186,5.953623554287812,0,1,1,0
477,0,3,60.680589644371295,35.624590905561114,1,3,1,1
478,1,3,67.47816627120737,65.73761651446586,1,4,0,1
479,0,1,32.68017744770222,12.789267501466687,0,8,0,0
480,1,3,76.66034368379006,82.29013871587263,1,8,0,1
481,0,3,22.750570899580936,7.927187200294039,0,3,1,0
482,0,3,22.9327034917054,6.4646987850668065,0,3,1,0
483,0,3,52.00186151532051,45.77013762634696,0,7,0,1
484,0,3,39.62437306801876,37.129913881687486,0,7,1,0
485,0,3,47.92408522151205,25.24674229993376,0,3,0,0
486,1,2,44.367780351664166,47.877542637245725,0,4,0,1
487,0,3,33.94414899954819,30.333749089666274,0,8,1,0
488,0,3,74.52652601492694,57.13803147406919,1,5,0,1
489,0,3,48.91647794405105,31.098498280822046,0,8,1,0
490,0,3,69.39343679903257,41.26227005547498,1,1,1,0
491,1,2,42.26810296859426,42.72725403151949,0,3,0,0
492,0,3,47.024080504765664,39.147418357976406,0,5,0,0
493,0,3,48.18933917883766,49.45761397611267,0,5,1,0
494,1,3,33.734174812997296,38.42905116445665,0,4,0,0
495,0,3,37.24088607034494,29.492118686752132,0,5,1,0
496,1,3,49.256981747696535,49.286139962061895,0,5,1,0
497,1,3,55.614607406618106,43.001302535908515,0,2,0,0
498,0,3,53.34653520217922,41.2963757394589,0,6,1,0
499,0,3,81.79811401163961,65.99467326397632,1,8,1,1
500,1,3,15.466936178506938,32.49854115267975,0,5,0,0
501,1,3,57.425618278883114,69.79905487676666,1,7,1,1
502,1,3,51.64516621771256,51.09438756073397,0,8,1,0
503,0,3,59.47900385469354,34.2446459741507,0,3,0,0
504,0,3,42.28579935875605,33.51573171859625,0,4,0,0
505,0,3,46.38933610487684,32.57074492855448,0,7,0,0
506,1,3,39.45526095926386,57.851765812562206,0,4,0,1
507,0,3,53.87711548509833,43.31227628999881,0,6,0,0
508,1,1,60.60509548838239,69.81803324691627,1,11,0,1
509,0,3,60.42045500010076,37.15275512046313,0,5,1,0
510,0,3,70.78896755369968,51.338986940339645,1,4,1,0
511,0,3,67.68060776954388,36.7435063114445,0,4,1,0
512,1,3,56.68598080845269,62.11732969479268,0,4,1,1
513,0,2,98.20271181257453,73.2212067059538,1,11,1,1
514,1,3,61.00116095725804,67.09117572139525,0,6,0,1
515,0,2,39.279728386691446,33.91544230748855,0,5,1,0
516,1,3,76.97716203264775,55.499698089084234,1,3,1,0
517,0,3,51.92283475154042,33.8815466420824,0,4,0,1
518,0,2,61.65811618915683,49.44169584161771,1,6,1,1
519,1,3,32.306440121409736,25.08960258625161,0,3,0,0
520,0,3,37.99890011402972,43.65823836573377,0,11,1,1
521,0,2,56.79001920389507,46.06962760604914,1,4,0,0
522,1,2,43.05500155700323,58.826719234749504,0,6,0,1
523,0,3,48.17189929598482,40.03609792330305,0,7,1,0
524,1,3,44.069221764968724,49.53522163961762,0,4,0,0
525,0,3,55.32806044477415,35.97496999682485,0,4,1,1
526,1,3,37.13645325283077,50.10280904368657,0,4,0,1
527,1,3,45.58075919462212,74.07007864472178,1,4,0,0
528,0,3,50.85113139182786,23.808350597706895,0,1,1,0
529,0,3,50.51306121967379,28.83390873546867,1,2,1,0
530,0,3,33.74394524678574,22.107025895056065,0,6,1,0
531,1,3,44.61836146734694,51.169765697751195,0,6,0,0
532,0,3,49.57349156103666,23.376210354408645,0,3,1,0
533,1,3,21.254102830043777,35.55699383025056,0,1,1,0
534,0,3,25.933168581504745,15.803040098129884,0,2,1,0
535,1,3,42.05563202961911,56.7352200194329,0,10,0,1
536,0,3,46.61001560667024,33.842847964558004,0,5,1,0
537,0,3,32.97944859272906,29.14960752427048,0,6,1,0
538,0,3,59.250377091452016,36.47945634699341,1,4,1,1
539,0,3,58.137312114395975,28.831481106488923,1,3,1,0
540,1,2,49.80822769498094,57.9018610433805,1,4,0,0
541,0,3,72.58904464654852,51.17923752166173,1,8,1,1
542,1,3,22.762235668359313,26.239283721422975,0,4,0,0
543,0,3,38.31162739481612,24.878201005914917,0,2,1,1
544,0,3,59.62471022719615,36.743456800412694,0,6,1,0
545,0,3,46.09052437787101,38.22499972326013,0,6,1,1
546,0,3,0.0,28.842442794098346,0,12,1,0
547,1,3,55.37544382623887,63.95363883306446,0,2,0,1
548,0,2,84.43436393299191,40.31883265373653,1,4,0,1
549,0,3,54.916217180264084,38.184889651298214,0,3,1,1
550,0,3,55.85248725630134,36.743146128190595,0,6,1,0
551,0,2,27.570655532716643,14.865965252420024,0,4,1,0
552,0,2,53.20982982071386,26.998961549783274,0,2,1,0
553,0,3,40.31404397940107,29.567724249140568,0,3,1,0
554,0,2,32.40348514855332,10.114229605440594,0,2,1,0
555,0,2,68.81886079849775,30.364512471186515,1,5,0,1
556,0,3,51.72953473705522,42.16330483092637,0,5,1,0
557,0,3,69.49248420661831,46.160875352239756,0,4,1,0
558,1,3,47.0652759417945,58.91667777003048,0,7,0,0
559,0,3,43.463948503034544,43.57367914456772,0,9,0,1
560,0,3,64.25344962329089,41.80327872945463,1,6,1,1
561,0,3,60.48925026801887,34.396420328423105,0,3,1,0
562,1,2,16.242985426104827,24.66977569214172,0,2,0,0
563,0,3,53.161762528192774,51.22979575109542,0,4,1,0
564,0,3,35.91736287859558,27.393365738825437,1,4,1,1
565,1,3,61.59023226640005,63.19698979063702,1,3,0,1
566,0,3,94.30375514857747,58.71165815410964,1,6,1,1
567,1,3,42.760588643191156,58.608236424615,0,7,0,0
568,0,2,46.496397955443165,38.00054920175513,0,5,1,1
569,0,3,49.82748268599755,46.162632114721745,1,6,0,1
570,0,3,27.975489714811467,11.214874847381317,0,4,0,0
571,0,2,12.24822914401474,19.037107485065274,0,7,1,0
572,1,3,35.55241144080327,50.83408274728803,0,8,0,0
573,1,3,43.0028621452044,45.637033615373056,1,4,0,1
574,0,3,84.8875812097985,63.532189944142225,1,7,0,1
575,0,3,46.067129443489286,28.98884914612066,0,6,0,0
576,0,3,50.04805602167849,39.34257505639799,0,4,1,0
577,0,3,80.07287811692989,45.674829339454845,1,5,1,0
578,1,3,17.113803289089184,19.25967922638489,0,3,0,0
579,0,3,32.74883462673917,41.03088788281208,0,6,0,1
580,0,3,70.84090710619047,55.1205900775766,1,7,1,0
581,0,2,66.01952911733316,40.38581001211224,1,1,1,0
582,0,3,44.32618854436409,33.59828935356603,0,5,1,0
583,0,3,28.438912569049656,14.198852092714132,0,6,0,0
584,1,3,66.81216918932346,59.57408030029477,1,4,0,1
585,1,3,44.871763357685495,41.92054717095109,0,3,1,0
586,0,1,26.810014198977026,23.200055679744086,0,5,1,0
587,1,3,52.65887287735596,38.972059637806765,1,7,1,0
588,0,3,78.57781850881729,49.15431676059349,1,2,1,1
589,0,3,44.274904090076916,29.60828220098034,0,4,1,0
590,0,3,67.06779059942264,38.51731852604745,1,3,1,1
591,0,3,53.6519283939775,46.27725700711264,0,5,1,1
592,0,3,30.889180235995358,21.993174207393096,0,6,0,0
593,0,3,32.983246417085795,24.316147099647452,0,6,1,0
594,0,2,67.06250574094253,49.80042174683829,1,4,1,1
595,0,3,55.28254058496686,44.48718684609325,0,5,0,0
596,0,3,10.503387881461046,5.186143172773598,0,5,1,0
597,1,3,79.2022094661982,76.91850173049286,1,7,0,1
598,1,3,42.34770082320192,44.63489135476931,0,5,0,0
599,0,3,0.0,51.53934962907408,1,7,0,1
600,0,3,41.08899996436132,35.35122352495651,0,5,0,0
601,1,3,66.69255541707182,70.5274801092776,1,5,0,1
602,0,3,41.07473582783478,34.869417510688756,0,9,1,0
603,0,3,63.83838948006379,40.414732282420374,1,5,1,0
604,0,3,64.5992896342028,39.804019444304565,1,4,1,1
605,0,3,71.7453412083669,49.56200156847931,1,7,1,1
606,1,3,34.371136393357,51.18075512333315,0,7,0,1
607,0,2,49.74928398779403,28.811676567244415,0,5,1,0
608,0,3,43.323156510950696,43.903932542058364,0,8,1,0
609,0,3,58.99036178978001,42.99687372091351,1,3,0,1
610,1,3,67.9267849241865,83.65792501327667,1,5,0,1
611,0,3,100.0,34.241528670605014,0,4,1,0
612,1,3,54.718384355275056,46.4208940465104,0,2,0,1
613,0,3,61.474741545540795,30.32292104288881,1,3,1,1
614,0,3,74.45471383470016,44.06160879549958,1,5,1,0
615,0,3,79.64390282661856,65.19158049532933,1,6,0,1
616,0,3,24.494665006608486,19.310115924798946,0,4,1,0
617,1,3,41.04199299073813,53.139999486628625,0,4,0,1
618,0,3,0.0,12.817105722340083,0,5,1,0
619,1,2,70.87728739559492,68.51472247747807,1,6,1,0
620,0,3,77.98507310224976,53.86219601736387,1,8,0,0
621,0,3,41.30531193041329,24.652632873956513,0,7,0,0
622,0,2,59.3909412735346,32.018695879702996,1,3,1,0
623,1,3,41.58563972362249,49.174467101223094,0,5,0,1
624,0,2,43.87030275542749,47.84786854820184,0,12,0,0
625,1,3,46.50765651587437,74.34993951291743,1,8,0,1
626,1,2,36.031455808795975,37.34554958462154,0,3,0,0
627,1,2,30.318277116732283,42.42273251406555,0,3,1,1
628,0,3,43.49390615971173,31.69548112724535,0,4,0,0
629,1,3,100.0,71.73155304560434,1,6,0,1
630,0,3,36.43544968169222,32.3709622258807,0,6,1,0
631,1,3,45.771040459416945,39.494440473847085,0,3,0,1
632,0,3,85.49942262685286,61.80377722323199,1,4,0,1
633,0,3,76.88091682073899,55.91004731441786,1,4,1,0
634,0,3,23.64797785537361,17.522199791637604,0,8,1,1
635,1,2,42.1767959126628,68.58220139027715,0,6,0,0
636,1,3,30.912518282567383,34.69798598295692,0,4,0,0
637,1,3,30.30641955423572,40.57290077276436,0,2,0,0
638,0,3,52.69891379204978,47.87862443450743,0,8,1,1
639,0,3,41.228466915341244,30.796023753180087,0,5,0,0
640,1,3,73.99697359684868,69.51674330397363,1,8,1,1
641,1,3,59.726431240936854,68.05604933559927,1,5,0,1
642,0,3,37.00937451966454,13.550922690220602,0,4,0,0
643,0,3,78.33943085260346,66.21194012354756,1,8,1,1
644,1,3,75.21160229104312,72.96179568899919,1,4,1,1
645,0,3,51.672853467009105,38.764066381559445,0,4,1,0
646,0,2,50.01678310941568,23.344035987068402,1,2,1,0
647,1,3,58.87590331426448,55.23768833423291,1,5,0,0
648,0,3,74.70427576154563,45.78642749379217,1,5,1,1
649,0,3,43.13484861631142,21.91467201239425,0,4,1,0
650,0,3,53.20739588350718,62.13014888636794,0,12,1,1
651,0,3,56.67223991308113,50.95616379688,0,9,1,0
652,0,3,79.66174114161609,52.22919822219951,1,9,1,1
653,0,2,44.73033554215703,43.76377865070761,0,6,0,0
654,0,3,20.39905720796532,25.429171359697275,0,2,1,0
655,0,3,48.418380531952245,27.193199226291796,0,1,1,0
656,0,2,74.65907757397932,55.1387709979184,1,4,1,1
657,0,3,40.57089803645852,18.49644524240943,0,7,1,0
658,1,2,37.49488217078652,42.04883500392831,0,5,0,0
659,0,3,63.84352611424463,33.8665546553981,1,3,1,0
660,0,3,80.67605741775512,58.62986813602927,1,3,0,1
661,0,3,53.40963689567378,34.729005448210806,1,7,1,0
662,0,3,20.099607702944695,7.20859298958814,0,4,1,0
663,0,3,27.271845779547952,24.7521019708306,0,6,0,0
664,0,3,47.399090430608176,29.07893308495782,0,0,1,0
665,1,3,61.42575269305325,75.11612343236489,0,5,0,1
666,0,3,60.04500387063885,38.55772647879556,0,5,0,0
667,0,3,100.0,34.27544893329301,1,6,0,0
668,0,3,44.29755280738477,36.35706707597111,0,6,1,0
669,1,3,41.43640153628105,51.13182089762531,0,3,1,1
670,1,3,32.4621369215077,49.450330953101265,0,5,0,0
671,0,3,50.43611901537039,41.57608168888619,0,6,1,0
672,0,3,53.6453284158419,38.57404929818307,0,1,1,0
673,0,3,45.655914702417405,38.924540234779286,0,3,1,0
674,0,2,18.15107122970774,4.526787207472036,0,5,1,0
675,0,3,61.97569452582575,42.586886941480266,0,5,1,1
676,0,3,54.988982949008175,38.6891594313451,0,5,1,1
677,0,3,59.90417143448774,50.826855001468836,0,10,1,1
678,0,3,58.14289888032084,26.314347796473843,0,1,0,0
679,1,3,67.52668672596488,76.39593144826084,1,7,0,1
680,0,3,48.15448098540649,24.379708441194925,0,4,1,0
681,1,3,30.4247188456259,36.333060867139075,0,5,1,1
682,1,3,21.357314619041947,33.96224958728251,0,5,1,0
683,0,3,24.320915831283358,12.21695502024969,0,5,1,0
684,1,3,39.41376922619975,54.5493337829825,0,10,0,0
685,0,2,35.18990106800404,24.379620620299807,0,7,0,0
686,1,3,21.677249674386566,40.66138646569339,0,5,0,0
687,1,2,66.70613755134356,74.62144768054497,1,6,0,1
688,1,3,42.26482135405719,44.727050019228315,0,2,0,0
689,1,3,62.67249909844732,60.6972224487059,1,4,1,0
690,1,3,74.46698882598787,67.95040520913633,1,6,0,1
691,0,2,49.2214710044204,39.55363296773101,0,6,1,0
692,0,3,72.03191764334669,58.22092126958169,1,6,0,1
693,0,3,35.276293900443214,31.233330561943173,0,5,1,1
694,1,3,56.02541602897278,56.03722096408901,0,4,1,1
695,0,3,51.70068335350351,34.72285079886477,0,8,1,0
696,1,2,64.86459337722069,72.36042346415627,1,8,0,1
697,1,3,38.7908773741421,51.47830943166961,0,4,1,1
698,1,3,43.669185841357,59.362774126321916,0,7,1,1
699,0,3,16.34344445811955,17.676564933116726,0,5,1,0
700,0,2,36.95052571624599,27.48814634835447,0,5,0,0
701,0,3,56.48779114543358,32.68494470918987,1,4,0,1
702,0,3,4.121757430540072,57.33880123755191,1,6,1,1
703,0,3,39.859483666684696,40.317215250901114,0,6,1,0
704,0,3,24.81550280574001,11.588773645320904,0,2,0,0
705,0,2,32.47425000556151,29.872085622734218,0,6,1,1
706,0,3,72.25372565370421,50.86748764656045,1,7,0,1
707,0,3,23.926157432120423,14.61913948108496,0,7,1,0
708,0,3,0.0,23.32720173261003,1,4,1,0
709,0,3,53.659672083443915,40.624427382884775,0,5,1,0
710,0,3,51.503786863910854,42.285497697792806,0,5,1,1
711,0,2,51.49841188624981,42.315230922762076,1,5,1,0
712,0,2,47.15961093471623,27.507094667210335,1,5,1,0
713,0,3,59.25643211793677,36.773286325625484,0,2,1,0
714,1,3,42.5418278840382,49.97753384457757,0,7,0,1
715,0,3,58.63253708857237,42.70023184042149,1,4,1,0
716,0,2,19.802771664071702,3.0509431327213252,0,2,1,0
717,0,3,39.09064588099158,20.90714106930063,0,5,1,0
718,0,3,75.45910879247855,56.887050859255986,1,5,0,1
719,1,3,40.126490890237804,73.21817640271094,0,7,1,1
720,0,3,86.00793127760697,53.552415423519044,1,4,1,1
721,0,2,60.374137570250824,38.439578129193805,0,5,1,0
722,0,3,44.58772401533387,30.54763430178362,0,7,1,0
723,0,3,56.553700535167835,38.175945677745695,0,1,1,0
724,1,3,50.008576863927814,61.96863992483497,0,6,1,0
725,0,2,46.02584574118035,25.30853420511356,0,4,0,0
726,0,3,31.097225114316796,11.789400422266565,0,3,1,0
727,0,3,56.60672928056889,31.527906484101777,0,5,1,0
728,1,3,61.95084166735998,69.28367415987466,0,6,1,1
729,0,3,30.387192800872413,26.92907572027111,0,5,1,0
730,1,2,33.77001855100143,62.788841589065235,0,5,0,1
731,0,3,63.47127635749703,44.5752124224636,1,5,1,0
732,0,3,31.886096009254814,18.152636524130727,0,2,1,0
733,0,3,43.433670889946754,31.851908912586435,0,8,1,0
734,0,3,62.871725142776285,33.27015891308163,1,3,0,1
735,0,3,70.28074649845574,40.205045850248,1,6,1,0
736,0,3,70.15171857982584,58.98400522492779,1,7,1,0
737,0,3,53.21189385369075,34.1200419766994,0,4,0,0
738,0,3,56.37371697249667,37.01402955626338,0,7,0,0
739,0,3,15.609118094500246,17.645979919775822,0,4,1,0
740,0,3,31.987290298020365,28.482816640484096,0,5,1,0
741,0,3,65.18023854676088,39.874125890944086,1,5,1,0
742,0,3,57.148998235204694,27.023791175276525,1,3,0,1
743,0,3,50.90787185321833,39.15859233462474,0,3,1,0
744,0,3,34.76686419829344,29.909689783270558,0,9,1,1
745,0,2,17.472971124909147,25.587792730383747,0,8,1,0
746,0,3,57.145508287161796,31.020097601970992,0,4,1,0
747,0,2,53.06351877360893,32.49632846496267,0,7,1,0
748,1,3,42.563952264437525,66.51259984489194,1,12,0,1
749,0,3,55.149606378424444,24.347633849759532,0,1,1,0
750,1,3,59.23743307069869,66.95611185655814,0,6,0,0
751,0,3,75.36145562618651,59.418450295551175,1,6,1,1
752,0,3,32.8676740221972,11.516053294228893,0,3,1,0
753,0,3,80.14479406698797,56.69324677685596,1,5,0,1
754,1,3,58.901352439197,53.4488467520558,0,3,0,0
755,1,3,30.403428504868344,37.944495778531376,0,5,0,0
756,1,3,54.17186151432316,61.26065414604653,0,6,0,1
757,0,2,53.76172759161405,43.89424056987946,0,10,1,0
758,0,2,7.848926894436712,22.601686518000847,0,4,1,0
759,1,3,18.3183321967088,21.99954914072767,0,5,0,0
760,1,3,47.624112182507524,49.935011814717406,0,4,1,0
761,0,3,63.961610480537374,53.356432443365904,1,5,1,1
762,0,3,49.88927914450758,29.798321706623483,0,3,0,0
763,0,3,57.14174185461629,46.58863789722098,1,8,0,1
764,0,3,46.02071214739924,23.880914248652644,0,2,1,0
765,1,3,40.69316526315671,59.23457594741327,1,7,0,1
766,0,3,54.12105126604551,40.612418774056415,0,7,1,0
767,0,3,20.286117050900188,17.01083996908201,0,3,1,0
768,0,2,57.1184831210571,42.427781198251246,1,5,1,0
769,0,3,38.75375652120328,35.37727841878699,0,11,1,0
770,1,3,71.50044226145393,56.54175155286183,1,2,0,1
771,0,3,49.7089810359559,45.11804049819907,0,8,0,0
772,0,2,48.70400354553177,41.39413452293484,0,5,1,0
773,0,3,48.13312072114019,34.67240669048398,0,4,1,0
774,0,3,50.1680627470922,39.28883879908486,0,7,1,1
775,1,3,31.701731969037272,47.86301953507488,0,7,1,1
776,0,3,37.82619136824321,39.42828304545984,0,7,1,0
777,0,2,70.21138170796084,36.75507595475167,1,5,1,1
778,0,3,38.13081483740229,25.14281648356362,0,7,1,0
779,0,3,34.53153989134444,12.019608579039947,0,6,1,0
780,0,3,46.73086944911208,24.91029453243181,0,4,0,1
781,0,2,22.862254814922796,29.904504340921672,0,9,0,0
782,1,3,35.72358704189602,46.250431876201255,0,2,0,0
783,0,3,46.5981869709124,19.41382507421148,0,2,1,0
784,0,2,41.13040018618782,28.42066709707837,0,3,0,0
785,0,3,66.68808944492908,44.55332201869202,1,3,1,0
786,0,3,37.27490355530984,41.97940794624876,0,7,1,0
787,0,3,39.109668491771025,40.78764758920024,0,8,1,0
788,1,3,48.40604678464316,62.97658185782894,0,4,0,1
789,0,3,56.985922698373464,33.71807616953019,1,1,1,0
790,0,3,80.8047838256251,51.10059767056627,1,4,1,1
791,1,3,44.266908455161435,50.27856114847662,0,7,0,1
792,0,2,57.51776814041859,32.62961233813025,1,3,1,0
793,0,2,71.76209861437432,48.00824496923628,1,6,1,1
794,0,3,23.847279270956367,15.42408812631535,0,6,0,0
795,0,3,71.66399017925106,56.952264170999456,1,5,1,1
796,0,3,53.86873132404808,30.193163733510534,0,3,1,0
797,0,3,64.42362724172555,29.62795160894099,1,4,1,0
798,1,3,39.20256512144571,42.684166514524705,0,1,0,0
799,0,3,54.5589428672948,48.34881845658963,0,7,1,0
800,1,2,45.858648637112125,58.87937158598373,0,6,0,1
801,0,2,51.83526632370351,24.653440635672503,1,1,1,0
802,0,3,57.66440371007632,48.868374436064,0,7,1,0
803,1,3,42.968086850648945,47.98353501286151,0,2,0,1
804,0,3,55.211581598230126,32.132198891143965,0,4,1,0
805,1,3,48.57351274934564,52.29089685505243,0,7,1,0
806,0,3,33.78769575419043,35.17891793215103,0,8,1,1
807,0,3,46.09696491783882,19.98254397217095,0,2,0,0
808,0,3,62.92180695599902,51.51437383584441,1,5,1,0
809,0,3,59.96558433872878,32.93403919128449,0,3,1,0
810,0,3,52.16805576889355,37.332123125486476,0,5,1,0
811,0,3,76.71612170505423,53.289717666755294,1,3,1,1
812,1,3,51.226213000201334,43.77694013803567,0,3,1,0
813,0,3,55.77063916642382,29.345889417216767,0,3,1,0
814,0,3,53.58779855275652,33.5388832011257,1,0,1,0
815,1,3,58.83650233483037,69.43874668779756,1,5,0,1
816,0,2,68.77090615493903,40.97178719023683,1,1,0,1
817,0,3,61.621778987725435,43.19408827067802,1,6,0,0
818,0,3,55.73746801668464,49.83289812355299,0,7,1,1
819,0,3,67.07776416088808,34.45426157975153,1,5,1,0
820,0,3,30.12623064195642,20.089273533143608,0,2,1,0
821,0,2,51.57812559097976,35.59098360655658,0,6,1,1
822,0,2,51.21032541992222,38.08900644337884,0,7,1,1
823,0,3,69.59680676718848,57.10354552367661,1,3,1,1
824,0,3,43.73842999200735,25.240450485268074,0,5,1,0
825,0,3,32.78826586004538,15.661645122908542,0,4,0,0
826,0,3,51.5417654732264,46.22256660571846,0,6,1,0
827,0,3,63.33555996925756,45.414713136720586,0,4,0,1
828,1,3,39.3423865333957,41.09168615565002,0,4,0,1
829,1,3,56.117246172411,49.846225981576545,0,3,0,1
830,0,2,33.29925634354939,13.779938072939043,0,5,1,0
831,1,3,71.45791205064884,61.342834024990395,0,4,0,1
832,0,3,28.419159565566922,14.718614597016476,0,5,1,0
833,0,3,62.674606694663815,56.88439024528242,1,8,0,1
834,0,3,45.705873029156685,30.38310510748705,0,2,1,0
835,1,3,82.99231673810142,79.53349736782886,1,4,0,1
836,0,3,49.69737181721693,21.10344750710254,1,3,1,0
837,1,3,52.906175009853975,51.6668714001736,0,4,0,0
838,0,3,70.06768229854518,56.03410124048482,1,6,0,1
839,1,3,45.6672934205182,45.06758347712564,0,2,1,0
840,1,3,34.94239068574303,50.710888005318566,0,5,0,0
841,0,3,32.250305316100444,12.178641397624354,0,4,1,0
842,1,3,50.598122988908486,60.944692086000195,0,6,0,0
843,0,3,54.21545562968028,29.084063897199744,0,4,1,0
844,1,3,33.53132021338527,51.53458809287219,0,5,0,1
845,1,3,57.564141384617535,56.13268163065676,0,4,0,0
846,0,3,58.74480351984322,27.29884293824434,1,0,0,1
847,0,3,59.028937185715186,36.615029711254856,0,5,1,0
848,0,3,53.570322493115654,71.367069769442,1,5,1,1
849,0,3,57.17604274233939,47.165208960175015,1,3,0,1
850,1,3,54.206120898288404,65.95714821735625,0,4,0,0
851,0,2,51.450243633821174,28.613449965170016,0,2,1,0
852,0,3,37.50462967015687,21.361544256760006,0,6,1,0
853,1,2,75.60770070404017,46.5380956474048,0,2,0,0
854,0,3,85.01793597744961,49.84761248582861,1,4,1,1
855,1,3,57.38123891148574,52.96865073668318,0,4,0,0
856,1,3,41.982112468764804,57.82834280052447,0,6,0,0
857,0,3,54.77266376583616,31.548437613103424,0,7,0,0
858,0,2,83.82863631764243,50.79526437746628,1,5,0,1
859,0,3,42.829816101098636,31.753242812128608,0,3,1,0
860,0,3,73.04776381640022,43.9425875517305,1,1,0,1
861,0,3,74.35130325316186,51.06960099907799,1,3,1,1
862,1,3,39.0895809847163,49.5525918198284,0,4,0,1
863,0,3,100.0,41.85121935402462,0,4,1,1
864,1,2,33.03053617869246,47.19474878823934,0,5,0,0
865,1,3,38.965194770230326,40.711700534680425,0,5,0,0
866,0,2,57.131551080048794,32.19295022861226,0,4,1,0
867,0,3,62.14807271837784,56.97511907890576,1,8,1,1
868,0,2,53.2397967476449,18.313177567529436,1,1,0,0
869,1,3,27.36343991392101,34.503134396262894,0,7,0,1
870,1,3,59.545703743774745,53.54208340560503,0,3,0,0
871,1,1,56.623963743352405,61.28343090042981,1,3,0,0
872,0,3,48.465938165917876,36.26374839453426,0,6,1,0
873,0,3,11.842670452621741,0.0,0,2,1,0
874,0,3,34.30926074939269,25.16328290450069,0,3,1,0
875,0,3,70.99576407527842,63.986360167887156,1,6,1,1
876,0,2,43.84325697219815,46.46265345714461,0,11,1,0
877,0,3,50.69053658035588,50.06884783346099,0,7,0,0
878,0,3,24.730024090576023,26.179824362971782,0,8,1,0
879,1,2,69.44460847458166,79.4038130293222,1,8,0,1
880,0,3,71.34724347080923,45.099222949704696,1,4,0,1
881,1,3,40.754539715078394,53.36616376938342,0,6,0,1
882,0,3,72.38549068841535,45.695841377725074,1,5,1,1
883,0,3,42.22713448701073,33.188874815041274,0,3,0,0
884,0,3,53.899666620532294,35.83960843309434,0,3,1,0
885,0,3,64.605440712523,49.209100228570556,1,5,1,1
886,1,3,33.08586692796865,25.393132568389625,0,5,0,0
887,0,3,39.27676404279633,32.09071135946122,0,6,1,0
888,0,3,69.32436497791943,33.973160129117844,1,1,1,1
889,0,3,51.83309118724643,43.19259167346259,0,9,0,1
890,1,3,34.49285077521986,39.10460182458227,0,5,1,0
891,1,3,39.36595243981977,36.8728166065829,0,3,0,1
892,0,3,42.39167560882169,32.88802734557245,0,10,0,0
893,0,3,46.50728571679793,24.405255540403232,0,5,0,0
894,0,3,47.01492880938357,42.603845644784315,0,6,1,0
895,1,2,58.07558790954894,60.98443611914267,0,5,1,0
896,0,3,61.64073716857134,59.03170312150311,0,10,1,0
897,0,3,49.907674139197304,45.803810063913964,0,8,1,0
898,0,2,30.628227438630848,25.476807111790833,0,4,0,0
899,0,2,65.9645192635736,31.82162988111278,1,5,1,1
900,1,3,46.74626502080522,57.607644529893975,0,5,0,1
901,0,2,74.81090478821741,53.836322821983636,1,4,1,1
902,1,3,48.64248568997436,56.0835077634233,0,3,0,1
903,0,3,54.87170987019412,37.523068612504744,0,7,0,1
904,0,3,55.076035866438936,39.63721508194091,0,8,1,0
905,0,3,53.534633553460246,45.40265287469678,1,7,1,0
906,0,3,24.77915007902279,9.80712334746188,0,3,1,0
907,1,3,93.04362364982833,66.31625692983916,1,7,0,1
908,0,3,51.550478557077284,32.124554450816206,0,8,1,0
909,0,3,34.076439477632015,28.93207094694654,0,5,1,0
910,0,3,48.056779529464315,36.504096715426584,0,4,1,0
911,0,3,46.47342951599527,23.31409651775643,0,2,0,0
912,1,2,35.61041981105505,53.14149933432145,0,6,0,1
913,1,2,94.17031128989699,87.1293939329329,1,9,0,1
914,0,3,31.757113330466368,20.62553041717446,0,5,1,0
915,1,3,57.86433069491077,59.359464900973244,0,4,1,1
916,1,3,59.28950366477541,60.82937374581289,0,7,0,0
917,0,3,71.44028201502121,37.967263307609215,1,3,1,0
918,0,3,60.49538151951996,37.84417060325117,1,0,1,0
919,0,3,43.03010853551254,37.898418311570545,0,10,1,1
920,0,3,58.113242735928814,41.863045589812664,1,4,1,0
921,1,3,61.37198240054236,68.35727647733069,0,5,0,1
922,0,2,36.973852916512534,12.632312146024704,0,1,0,0
923,1,3,73.95318063277777,58.58187534318464,1,5,0,1
924,0,2,47.35094332177872,23.594324693706938,0,8,1,0
925,1,3,54.94336676755075,54.534821871139975,1,6,0,1
926,0,3,61.89403131860246,54.37686247822135,0,8,0,1
927,0,3,38.72300160205479,31.522590319085314,0,5,1,1
928,1,2,38.091732478281465,34.11897197236213,0,2,0,0
929,1,2,45.7556527543625,55.11484788804054,0,4,1,1
930,1,2,20.257476960244784,40.453767833290854,0,9,0,0
931,1,2,52.714161836541166,55.13749444479336,0,5,1,0
932,0,3,41.42577634655113,28.910785182567942,1,5,0,0
933,1,2,66.26752204667693,71.42588547266183,1,4,1,1
934,1,2,51.695187689924815,61.305778236472605,0,6,0,0
935,1,3,57.90048418382022,69.99788013214894,0,8,0,0
936,1,3,67.3295715767049,73.42429945660166,1,5,0,1
937,0,3,46.631750310176486,23.414675856421145,0,1,1,0
938,0,2,35.351438222502345,21.65690575926859,0,3,1,0
939,0,2,54.84253765722089,34.16222669251938,1,4,1,0
940,0,3,48.72635484311178,45.08443790113004,0,4,1,0
941,0,3,45.77979300460963,36.891285457781805,0,4,1,0
942,0,3,86.05155400706388,20.3470571311673,0,6,1,0
943,1,3,15.630026055071585,24.200262264355437,0,5,0,0
944,1,3,54.68832240061061,54.88527187419584,1,6,0,1
945,0,2,100.0,74.61595247142729,1,5,0,1
946,1,3,66.12279553714465,66.46431848816736,1,2,0,1
947,1,3,31.66384686077308,49.817502452856495,0,5,0,0
948,1,3,39.95885252152522,41.88535037522365,0,5,0,1
949,0,3,48.12199042868861,32.629554889442424,1,5,0,1
950,0,2,48.79222556748007,33.339882945359165,0,7,1,0
951,1,3,43.73485880898087,39.00078940942365,0,2,0,1
952,0,3,30.69367700773439,25.00503294820367,1,8,1,0
953,0,3,24.841241261109083,14.995645635099565,0,5,1,0
954,1,3,69.78445888433012,74.36117551788506,1,9,0,1
955,0,2,81.88167324623862,53.92216219515954,1,5,1,0
956,0,3,42.09256088416043,32.748386812686995,0,4,1,0
957,1,3,49.45371169415913,57.360791266560184,0,9,1,0
958,0,3,44.62934229543231,17.517189336697033,1,2,0,0
959,0,3,11.605107881761839,6.962817213923025,0,6,1,0
960,1,3,61.24184539365409,62.13484896702386,0,5,0,1
961,0,3,29.056898661153273,19.253170637740787,0,3,0,0
962,0,3,62.987847540155435,33.45034205766946,1,3,0,1
963,1,2,69.71938428524521,73.95546544932992,1,3,0,1
964,0,3,17.34715542062345,9.574652449713748,0,4,1,0
965,0,3,26.411088753199095,11.659170777240268,0,2,1,0
966,1,3,65.78455381622854,60.22196045875845,0,8,0,0
967,1,3,47.29557930974814,41.243751945903476,0,8,0,0
968,0,3,54.07429283069518,28.54623056542527,0,1,1,0
969,0,3,0.0,30.944398016001998,0,6,1,0
970,1,3,63.22176858128979,62.091786926093874,1,9,0,1
971,1,2,78.22912470341717,74.36172861761243,1,3,0,1
972,1,2,64.91593697157988,61.17297717765798,1,6,0,0
973,0,3,58.41874873646546,30.81176124848429,0,4,1,0
974,0,3,46.105698520414855,30.528157914437905,0,8,1,1
975,0,3,52.60346631230339,35.750739122577684,0,3,1,0
976,0,3,39.79067106400816,36.79336990298421,0,7,1,0
977,0,3,47.704944826691296,44.959262435211045,0,7,1,0
978,0,2,50.56862090488786,36.3995764259719,0,4,0,1
979,1,3,48.823340944257254,51.29475796853335,0,2,0,0
980,0,3,50.52558705154062,39.080274829659174,0,3,1,1
981,0,3,31.759375892949784,19.434018605559984,0,4,1,0
982,0,3,10.849187736195299,5.8812324711207395,0,6,1,0
983,0,3,74.47188515987914,43.02953286422406,1,4,0,1
984,1,3,76.48923402019317,77.8659762933164,1,6,1,1
985,0,2,11.398997625400337,10.935919391878917,0,3,1,0
986,0,3,41.68564632077298,28.211585553054725,0,5,0,0
987,0,2,70.27467260162693,52.31452219030799,1,10,1,1
988,0,2,57.261809089099245,34.60801070461308,0,4,1,0
989,1,3,77.94175278041637,69.92507882283255,1,4,0,0
990,0,3,42.00599135091495,43.025021793406474,0,8,1,0
991,0,2,47.892605205571904,23.02509166934131,1,2,0,1
992,0,3,41.91695330308058,26.03138443267541,0,2,0,0
993,0,3,60.7363321262989,41.69469941413556,1,2,1,0
994,0,3,64.52764437689851,55.49077338565234,1,8,0,1
995,0,2,62.2152011415602,40.0151018177132,1,3,1,1
996,1,3,69.81341639529442,63.52500542871489,1,3,0,1
997,0,3,84.81794638666709,52.191990612479856,1,2,1,1
998,0,3,49.33941541355233,39.85002774621786,0,3,1,1
999,0,3,71.52449501473605,56.59180608419412,1,6,1,1
