candidate_id,X_uni,X_code,X_behav,X_ref,X_exp,X_permit,Y_Target
0,2,29.55157915474456,10.270842936757985,0,4,1,0
1,3,40.47724603874025,25.631282579116032,0,6,0,0
2,3,41.53461282233955,58.16238450523163,0,6,0,0
3,3,23.323886881410075,20.950417098473984,0,1,0,0
4,3,71.44145283694493,38.15917390680939,1,1,1,0
5,3,60.74452894249827,28.21611172193431,1,9,1,0
6,1,92.84521442392123,39.902402559072776,1,3,1,0
7,3,66.13802192722876,29.093288486214202,0,1,0,0
8,3,56.093004646288364,18.430283999188436,0,6,1,0
9,3,67.0242173380805,46.56310239327657,0,3,0,0
10,3,54.49768736385925,19.643120211078376,0,7,1,0
11,3,30.545926872357494,22.134274153864023,0,7,0,0
12,3,36.92795822085527,28.817297485759426,0,0,0,0
13,2,60.657936714671095,15.512928186888487,1,6,1,0
14,3,33.87974946295565,1.4357532284953214,0,6,0,0
15,3,23.531376718922385,22.98549393836259,0,6,0,0
16,2,30.249343082288977,22.04434785354227,0,6,1,0
17,2,38.253850898910954,7.668034641043917,0,7,1,0
18,2,20.815431755351913,0.0,0,6,1,0
19,2,46.444979510745284,13.240027347491244,0,9,1,0
20,3,63.894318147036536,12.918969733554452,1,4,1,0
21,2,39.13295486479588,27.743200116120573,0,6,1,0
22,3,57.46826662424275,38.47544833354976,0,7,0,0
23,3,77.0497216068819,42.780296063674136,1,4,1,0
24,2,41.81858357085419,53.68862561518639,0,5,0,0
25,3,45.97678672281494,29.70929617426728,0,6,1,0
26,2,22.090449176751143,0.0,0,5,0,0
27,2,60.48304635889328,48.51120376384192,1,9,1,0
28,2,63.76466724540397,46.83952010646258,1,9,1,0
29,2,48.10576549318312,5.858310016561045,0,3,0,0
30,2,56.07379501360679,14.871715934672604,1,6,1,0
31,3,44.09140952633783,5.127246306792422,0,5,1,0
32,3,65.8738641950885,16.789920916399016,1,2,1,0
33,3,34.86639637888955,61.05488248871022,0,7,0,0
34,3,56.411590984088164,5.498258051821422,0,2,0,0
35,2,75.7183424179988,40.33297676750024,1,5,0,0
36,1,51.58355381209321,27.349695446472776,1,3,1,0
37,3,52.149831819108485,65.1341215752009,0,6,0,0
38,3,35.39489274706133,54.604721351610856,0,4,0,0
39,3,60.18365441306517,42.77825018393646,0,10,1,0
40,2,51.786903265492114,43.21211873871618,1,6,1,0
41,2,57.76004090784536,27.005415914857636,1,8,1,0
42,2,55.18115492628112,38.67046136783391,0,8,0,0
43,3,44.395216017818996,31.085278689673856,0,5,1,0
44,2,69.03749913034748,46.190864939593176,1,4,1,0
45,3,69.83334467593168,80.58943007292865,1,10,0,1
46,2,41.12898360376838,43.259890685135204,0,12,1,0
47,3,47.2254443413945,37.826771097726336,0,5,0,0
48,2,67.0580928700106,35.83139347652157,1,3,1,0
49,3,29.49339547766659,16.807988713818236,0,5,1,0
50,2,62.65721239963836,29.286175331467227,1,9,1,0
51,1,51.886303316386346,26.64520011962055,0,6,1,0
52,3,47.67404772794663,7.0191873444078325,1,5,1,0
53,2,61.07516368817409,19.40293784428842,1,6,1,0
54,3,40.65199525513621,12.535222882118811,0,3,0,0
55,2,42.100389949027296,44.67366742706761,0,9,0,0
56,3,34.70463802761437,22.54130242717101,0,6,1,0
57,3,51.853746226709355,14.531158769531388,0,5,0,0
58,1,42.17147328675277,1.3885805990153348,0,5,1,0
59,2,33.098379373522626,24.672088476066026,0,7,1,0
60,3,60.80516382994957,17.070114993319685,0,6,1,0
61,2,52.70122624528154,36.112471336410714,0,2,0,0
62,2,100.0,0.0,0,2,1,0
63,3,65.03706870855216,49.49779073705022,1,7,1,0
64,3,34.068640707503654,25.60273384188225,0,2,0,0
65,3,54.02186506830283,30.76242984377676,0,4,0,0
66,2,72.10752240341408,53.17742012258606,1,8,0,1
67,3,56.35217748820381,26.952110068844142,0,2,1,0
68,3,36.98474823554405,25.859347510066637,0,6,1,0
69,2,66.51873973278289,36.97149283198017,1,6,1,0
70,2,35.570502899066696,37.6620550284362,0,5,0,0
71,2,52.14849810644403,10.3439787228194,0,3,1,0
72,2,55.27568300114607,38.23086357017894,1,7,1,0
73,3,68.90918854798682,42.25977118725564,1,5,1,0
74,2,42.39419503230472,26.5591313489034,0,7,1,0
75,3,59.512038838961246,46.73714790995723,1,0,0,0
76,3,46.56834287399045,16.13422313993708,0,7,1,0
77,3,71.93454511590647,52.647095710904686,1,3,0,0
78,2,44.68246846574793,12.24862650551561,0,6,1,0
79,3,66.82781200077693,53.81848872328756,1,6,0,1
80,3,50.378722678371716,26.030611217964804,0,6,1,0
81,3,61.37006373478714,46.2615192081099,1,6,1,0
82,3,79.37283901685117,45.17821258666883,1,4,1,0
83,3,49.245448612274814,7.04608186858627,0,3,1,0
84,3,63.68360663780913,31.83316791553642,1,5,0,0
85,2,40.74625640239846,46.753116217278865,0,3,0,0
86,3,52.065696483893234,38.34476380107263,0,4,0,0
87,3,55.282966623399794,25.63595325615984,0,7,1,0
88,2,0.0,13.222352026753205,0,1,1,0
89,3,35.924988475978445,0.0,0,4,1,0
90,3,50.51390950556529,56.353477372038924,0,2,1,0
91,3,38.4250973755708,2.4187188055274635,0,6,1,0
92,3,43.772935907162015,22.74825263502245,1,9,1,0
93,2,43.498029751783754,21.60611474232128,0,3,1,0
94,3,48.345802232743175,17.22824589670984,0,2,1,0
95,3,22.738614192655824,14.789132347436517,0,9,1,0
96,2,72.19573815692354,38.84971055452998,1,4,0,1
97,3,58.3218394238866,16.134058848008575,1,6,0,0
98,3,27.59619165635206,32.20717217252023,0,8,0,0
99,2,45.378045058493136,23.49247425336199,0,5,1,0
100,3,58.026031020659886,24.52662453035713,0,1,0,0
101,3,71.66712553873374,48.290844239334305,1,6,1,0
102,2,60.353661612818264,53.16908063483113,1,6,0,0
103,2,24.77534099592484,42.630039427314806,0,3,1,0
104,3,60.51605704694857,10.628367596734481,1,3,1,0
105,3,59.03091760030352,32.03085059494475,0,4,0,0
106,3,72.72612312663773,15.180829809127168,1,6,0,0
107,2,65.65536676828245,38.78906798842035,1,6,1,0
108,2,15.820192893546123,13.177577994202384,0,3,0,0
109,2,50.883993288950066,36.002712226362135,0,7,1,0
110,3,28.197626693287333,14.10025318739645,0,11,0,0
111,3,80.78987181891512,41.796057224591394,1,7,0,1
112,3,48.376997567339636,2.592133698219821,0,2,1,0
113,2,40.91716985789392,0.0,0,4,1,0
114,3,70.05058167538769,41.635637041147554,1,4,1,0
115,3,50.952393559274476,39.752390751101494,0,6,1,0
116,3,53.10462449337052,37.450316237214686,0,5,1,0
117,2,38.72152148492228,13.677230929584411,0,1,1,0
118,2,39.16481561301608,5.851630354806156,0,7,1,0
119,3,56.35560952193396,42.48551575220087,0,8,0,0
120,3,54.772531032524235,39.72401866030576,0,6,1,0
121,3,72.79036399219353,30.24105655940672,1,8,0,0
122,2,36.820229703975784,19.69632140235554,0,7,0,0
123,2,27.5923647431331,26.99987610147468,0,3,0,0
124,2,72.40759806315306,41.700803333677825,1,5,1,1
125,3,53.25448303312389,46.159601888168076,0,5,0,0
126,2,43.86027018358106,41.509885138151645,0,7,0,0
127,2,93.86748782105852,69.12716813442326,1,6,0,1
128,3,0.0,37.0632682967931,0,6,0,0
129,3,58.62176206018022,15.489352010290524,0,9,1,0
130,3,40.38396440368895,23.224712737532982,0,4,0,0
131,3,53.065525975455216,11.61326154646923,0,8,0,0
132,3,60.29478790177657,70.92512758100999,1,6,0,1
133,3,51.193417068112716,60.73775961541912,0,7,0,0
134,3,41.827640358962704,32.993676922720205,0,9,1,0
135,3,49.64921961727556,8.622576824296859,0,5,1,0
136,3,46.98559711163952,39.18098545387233,0,5,1,0
137,2,50.617399691839985,25.412282083486133,0,3,0,0
138,2,47.45677461295567,7.619150233284353,0,4,1,0
139,2,49.11076821994666,24.909286861130578,0,3,0,0
140,2,48.275444469603464,58.191225620888346,0,3,1,0
141,3,33.23839873736055,22.10989442036619,0,6,1,0
142,3,76.81814985114035,50.55113530423309,1,3,1,1
143,2,54.793219306068956,13.546254165678777,0,5,1,0
144,1,8.148233103384133,0.0,0,2,0,0
145,3,70.40760379302776,14.716133647587746,1,3,1,0
146,2,71.20738805225889,15.649368711463215,1,5,1,0
147,2,51.69604761350532,38.14727292638748,0,4,1,0
148,3,43.35564404868806,7.934458744139564,0,6,1,0
149,3,43.085431184490446,18.04540151134331,0,2,0,0
150,3,61.81838811951654,13.264995617222489,1,3,1,0
151,2,30.763378377384047,0.0,0,0,1,0
152,3,52.909913767207335,29.167670126182603,0,3,1,0
153,3,41.64495459924284,30.42340615725672,0,7,1,0
154,3,42.313677028619686,16.30117323644893,0,1,1,0
155,2,73.29560461299762,82.08019580092797,1,7,0,1
156,3,33.432425990248156,25.80301296992779,0,9,0,0
157,3,0.0,12.758838653155362,0,7,1,0
158,3,48.42644382798466,25.90092559367484,0,2,1,0
159,3,45.22979670094988,39.64674851451723,0,6,0,0
160,3,29.314946212216096,14.153838596038108,0,5,0,0
161,3,51.6412981020651,41.497088934486776,0,6,0,0
162,3,61.57956191673887,65.25867694398868,1,9,0,1
163,3,44.699404033817906,0.0,0,2,1,0
164,3,58.98293968116545,49.21985802046371,0,8,0,0
165,2,88.50646393984337,39.03958308252207,1,8,0,1
166,2,36.053251327749344,0.0,0,4,1,0
167,2,32.32562071002365,23.853853690927494,0,3,1,0
168,2,37.24711083497917,20.641668549444177,0,4,1,0
169,2,71.71660360629663,22.178444400438387,0,8,1,0
170,2,49.401903061142036,27.561802692377277,0,4,1,0
171,2,100.0,39.07534885961571,1,7,0,0
172,3,67.86855560415437,58.125684213692494,1,6,0,1
173,1,40.50224228591307,13.668762974192065,0,9,0,0
174,2,44.72754052592374,26.87635498980626,0,7,0,0
175,2,34.81155158195567,14.745585793827637,0,5,1,0
176,2,70.88025264096743,44.912869006855836,1,6,1,0
177,3,32.204201088069645,52.04500295076298,0,6,0,0
178,3,62.87739183054395,34.240669783820984,1,3,1,0
179,3,48.45321179100265,39.67213119454888,0,7,0,0
180,2,41.05364999451852,0.0,0,4,0,0
181,3,62.24772225252526,51.85894608859356,1,6,0,0
182,3,42.36022495442616,0.0,0,3,0,0
183,2,46.63210116041535,63.18501478713492,0,7,0,0
184,2,42.95484397356737,3.8357267189996027,0,6,0,0
185,3,56.4464467003957,18.33877681776729,0,7,1,0
186,3,53.7326213666581,6.953469660719553,0,3,1,0
187,3,52.23171641078433,61.17005381247441,0,4,0,0
188,2,49.33880984511557,47.94150182304164,0,8,0,0
189,3,70.99120677459251,53.77740878969605,1,5,0,1
190,1,76.0159141787673,47.408403993349275,1,5,1,1
191,2,64.24963352604343,38.02734738249925,1,3,0,0
192,3,46.33653507097345,39.294572427410216,0,6,0,0
193,3,44.473410814307506,36.60463066578218,0,5,0,0
194,3,72.74590270569018,50.708168096993845,1,3,0,1
195,3,65.79338560466283,34.84798526176604,1,4,0,0
196,3,57.227699581745235,23.51878131385959,0,6,1,0
197,2,85.4914693861418,52.35664858916361,1,5,1,1
198,2,55.69724953181091,66.12393439634579,1,6,0,1
199,3,43.79086255885304,30.744636037076685,0,8,1,0
200,2,35.00003566984813,18.436192430156105,0,5,1,0
201,1,61.25432956317384,40.883962438522886,1,6,1,0
202,3,54.47498869623233,40.33874754663676,0,6,1,0
203,3,62.31187716567277,41.96229420048015,1,5,0,0
204,2,43.611107354080126,24.807966528846237,0,12,1,0
205,1,30.475376262896518,35.10107989601201,0,7,0,0
206,3,59.70864778308664,41.40966916828567,0,8,1,0
207,2,53.943346261162795,14.093817620722083,0,2,0,0
208,2,22.85587418855419,0.0,0,2,1,0
209,2,62.0604972092122,33.99430813304387,1,3,1,0
210,3,51.26526320409026,58.58170225259408,0,4,0,0
211,1,61.58087700449459,12.73229018084354,1,3,1,0
212,2,72.17196516001313,35.92938511481947,1,3,1,0
213,3,46.14649578678796,8.221701541591138,0,4,0,0
214,3,44.364186811127546,26.505579813421683,0,3,1,0
215,3,17.033322230743423,17.476416453369183,0,1,0,0
216,2,55.12277840665997,67.55422351608904,0,7,0,0
217,3,76.79077116771529,34.55496424170585,1,2,1,0
218,3,65.41821927105006,62.691879815177614,1,2,0,1
219,3,65.04575870922093,49.64349321389031,1,6,1,0
220,2,49.263059272409905,7.728791109735088,0,5,1,0
221,3,49.96415827138874,33.52326968533278,0,7,0,0
222,2,35.55298635781129,28.14586156369277,0,6,0,0
223,3,13.319598888606327,14.367618230625235,0,4,1,0
224,1,61.47904262093222,9.777495747456058,1,4,1,0
225,3,58.12022958792109,22.57823651250763,0,7,1,0
226,2,68.28840505534086,48.53400173151957,1,4,0,1
227,1,36.87906981415608,45.93599401723832,0,1,0,0
228,3,67.75077787142928,53.31356334229025,1,6,0,0
229,3,50.050106184712504,13.41488797914384,0,3,1,0
230,3,47.12858630550505,4.731210408398908,0,2,1,0
231,3,64.53501041305492,11.784212671326118,0,4,1,0
232,3,46.94599106538006,21.10886082906855,1,5,1,0
233,2,12.989563903149008,17.553436427544312,0,3,0,0
234,3,68.9957254849188,26.350462189268313,1,6,0,0
235,3,67.6558847686586,39.825391426437065,1,4,0,0
236,3,53.245049843898244,30.395236997561362,0,2,1,0
237,2,95.24691402810711,54.25091691983886,1,5,1,1
238,3,82.65353817831932,28.8133037697643,1,2,1,0
239,3,70.46185461931626,61.44206917991857,1,9,1,1
240,2,77.73732413273142,54.69927902408948,1,3,0,1
241,2,55.37024990475132,47.752861418603786,1,10,0,0
242,2,44.16610650617298,9.938805432829588,0,4,0,0
243,3,28.63548563469702,35.314044675870555,1,6,0,0
244,3,68.9364234957377,51.52895964967357,1,8,1,1
245,3,2.293625418572426,0.0,0,9,1,0
246,3,63.651420458402576,46.685554552176754,0,3,1,0
247,1,53.17866945882121,48.2838838098486,1,7,1,0
248,3,77.20828603685172,58.221475598355205,1,5,0,0
249,1,41.53918088222215,27.49609737035285,0,5,1,0
250,3,55.30178864054222,15.186167005653424,1,5,1,0
251,3,37.89506826358545,31.032327637725682,0,4,0,0
252,2,56.26832778607497,24.775790503582055,1,9,1,0
253,3,53.10959920959475,66.95675195663307,0,6,0,0
254,2,48.562579364410226,24.33544586966711,0,1,0,0
255,2,45.6949178411998,36.34629644178456,0,5,1,0
256,3,56.17778744687351,11.411390049323874,0,2,1,0
257,2,47.19065177537112,26.65535662184885,0,2,1,0
258,3,37.884703587010534,3.9043136699757244,0,5,0,0
259,3,43.261910586963126,52.68042316707035,0,5,0,0
260,3,62.08259125238035,41.08767037127136,1,6,1,0
261,2,70.50057482487651,28.46906032440803,1,8,1,0
262,3,58.64762787841391,28.79167965899314,1,3,1,0
263,3,31.910282257960496,48.046613826708274,0,4,0,0
264,3,69.7524123654977,39.64696125287474,1,3,0,0
265,2,55.674051239555624,25.125144352054487,1,8,0,0
266,3,55.644596866003454,9.939065106538987,0,3,1,0
267,2,36.647170263681716,0.0,0,3,1,0
268,3,35.112319584514374,15.876074895511064,0,3,0,0
269,3,69.42696759147796,70.47316793941025,1,5,0,1
270,3,64.51382722283147,31.929398863524046,1,6,1,0
271,3,48.60539671362307,24.147989029294752,0,5,1,0
272,3,69.95732072611327,14.133216058931666,1,1,1,0
273,2,46.16113673530497,24.362256834087358,0,4,1,0
274,2,32.99322063764912,48.0665347638343,0,6,0,0
275,2,43.301839753486156,65.2260952924667,0,5,0,0
276,2,44.7315344141258,7.920661837573129,0,6,1,0
277,3,40.48153103313384,29.79282139499365,0,8,1,0
278,3,42.72564922673702,40.58324629353171,0,8,0,0
279,3,36.93693005690712,18.989354857201757,0,3,1,0
280,3,41.67395675061293,4.961479282507609,0,5,1,0
281,3,30.666156991992835,17.55939132001961,0,5,0,0
282,2,46.17143412838763,27.479712892107575,0,2,0,0
283,1,76.0688761396524,58.62932600399236,1,6,1,1
284,2,57.22912918079349,32.485844925504814,1,3,1,0
285,3,43.43322498350372,25.69717910538485,0,6,0,0
286,3,36.550017112496434,19.33671290391097,0,2,1,0
287,3,76.49508474238648,25.781247517697313,1,3,1,0
288,2,50.39726020884405,67.33748307917253,1,7,0,1
289,3,41.98307876438879,21.04647699988156,0,6,1,0
290,3,13.439716144951582,26.82537649439721,0,2,1,0
291,3,62.742076891073125,11.412594998573944,1,2,0,0
292,3,42.852470250565304,25.05210298221049,0,5,1,0
293,2,15.89856924984,20.184815522327852,0,4,0,0
294,2,65.76794346769225,25.731003464733572,1,5,1,0
295,2,51.4585868287527,13.408910014696904,1,8,1,0
296,3,41.524998449255335,31.337158999367762,0,3,0,0
297,3,42.62225675545809,21.35275597957738,0,4,1,0
298,3,68.99029687565171,19.672384162742762,1,5,1,0
299,3,40.97133162459601,1.4548674853335055,0,5,1,0
300,3,53.49587300147099,36.55064613524328,0,6,1,0
301,3,51.157639617926826,32.52230814038451,0,6,1,0
302,3,52.152179612645405,10.508769012346269,0,4,1,0
303,2,55.67815572196656,75.91425592130837,1,4,0,1
304,3,32.546683840821835,0.0,0,2,1,0
305,3,37.15045538076503,56.36512076795104,0,6,0,0
306,2,59.13361629095316,42.765940560363155,1,9,1,0
307,1,53.589707805269114,40.48326384295925,1,3,0,0
308,3,38.25049531316907,1.8557086436576449,0,4,1,0
309,2,68.20259857197837,56.31113965190788,1,9,0,1
310,3,54.030549056413605,32.45283954986202,0,6,1,0
311,3,46.27334185710469,24.248915726462734,0,4,1,0
312,2,40.39865999723465,6.53269851948351,0,3,0,0
313,2,60.25541457555313,39.51691009467256,1,6,0,0
314,3,54.77330878637615,7.330673365914043,0,2,1,0
315,2,69.30945525971626,45.89910277585445,1,6,0,1
316,2,40.21973639484287,0.0,0,4,0,0
317,3,42.23583191112312,0.0,0,4,1,0
318,3,72.28345251788484,79.79856025926155,1,5,0,1
319,3,48.535902864638736,26.85936789375497,0,5,1,0
320,2,55.27197397170336,8.926430651216364,1,3,0,0
321,3,60.885652175646634,25.55592983776104,0,1,1,0
322,3,44.92276856638337,26.551409947036294,0,4,1,0
323,3,61.721829329917306,47.03441684098432,1,8,1,0
324,3,43.779270828354484,22.88839599309178,0,3,1,0
325,3,43.287368626286906,30.414803072019954,0,6,0,0
326,3,67.25074530631132,31.046176819423387,1,10,1,0
327,3,47.70034088302253,30.133403359588826,0,5,1,0
328,3,37.57398117791712,0.0,0,2,1,0
329,2,34.40973318612605,21.581955579167296,0,6,1,0
330,3,49.48357787091109,37.218098034372,0,11,1,0
331,3,58.622492533077676,40.29325711214421,0,4,1,0
332,1,99.99651321493505,52.04645820288218,1,7,1,1
333,3,51.01845803632434,48.56955726467776,0,8,0,0
334,3,49.13078680212492,18.182654973568553,0,1,1,0
335,2,45.331280078699166,48.82679795709604,0,4,0,0
336,2,69.84067489356727,42.459792029377745,1,4,1,0
337,3,49.65873814530895,1.953944123708724,0,3,1,0
338,2,47.96293225521738,27.207800486682384,0,4,1,0
339,3,41.12569850561703,26.616323755727294,0,6,1,0
340,1,61.54729990626886,41.53459244867453,1,6,1,0
341,3,72.33259087007825,18.69927644313188,1,3,1,0
342,1,25.39022209791967,16.242810659058176,0,2,0,0
343,2,40.50988801162466,0.0,0,3,0,0
344,2,33.714669872034214,19.135995109002184,0,5,0,0
345,3,35.088610338337176,33.51573054443473,0,6,0,0
346,2,58.86259862521236,11.652371215387918,1,3,1,0
347,3,24.604897905521675,9.671997663884579,0,5,1,0
348,3,40.29876622360896,1.6147539249501461,0,6,1,0
349,3,58.644364436495536,51.74103802666744,0,7,1,0
350,2,52.94320406219189,41.46722280989694,0,2,0,0
351,3,33.429773757038916,3.102130358476941,0,6,1,0
352,2,47.60577930899473,34.08660525011219,0,7,1,0
353,3,37.30395645795957,16.580655458982335,0,3,1,0
354,3,31.32785664804972,2.328833037715259,0,7,1,0
355,2,63.97604645801981,37.39588522026206,1,4,1,0
356,2,79.76682537183811,52.56331034929754,1,4,0,1
357,2,47.79486305118033,10.73240699665527,0,6,1,0
358,1,69.63813414390343,25.947282752378428,1,5,0,0
359,2,53.34046127701197,54.781626233126985,0,3,0,0
360,1,26.021869114877838,2.4594052837984757,0,2,1,0
361,3,53.99312665805883,53.961379455667284,0,5,0,0
362,3,63.145678133765735,32.966793035563256,0,6,1,0
363,3,60.39734146276604,10.915567849426097,1,2,1,0
364,3,31.94358334011428,35.272530930993256,0,5,0,0
365,2,39.25011604314817,48.97231482557002,1,8,0,1
366,3,81.95990876487866,53.39470126044031,1,9,1,0
367,2,24.904650690819782,11.985847753037287,0,5,0,0
368,2,53.984376758543014,22.84781829613845,0,3,1,0
369,3,46.73763503052526,24.960551900536167,0,3,1,0
370,3,0.0,0.0,0,7,0,0
371,3,68.83772704561406,49.08492532477785,1,4,0,1
372,3,51.97633810118499,40.81523885654391,0,8,0,0
373,2,42.98530000422252,10.728017110451471,0,5,0,0
374,2,39.00456269787407,0.0,0,4,1,0
375,2,100.0,74.11954899784867,1,5,0,0
376,3,70.88392312680061,44.9104551938695,1,7,0,1
377,1,26.89005283863521,13.511051987059538,0,8,1,0
378,3,36.16246024815174,23.874363170900867,0,7,1,0
379,2,62.365824259949164,43.02773390885553,1,6,1,0
380,2,47.77363300878574,9.26924803745043,1,6,0,0
381,3,37.76153067611917,36.45304467798691,0,3,0,0
382,3,77.8027225397868,34.7830750842723,1,4,0,0
383,2,48.44152069265318,31.739419578402792,0,5,1,0
384,3,42.41586339558665,0.0,0,2,1,0
385,2,47.93404745267133,31.046089287260717,0,7,1,0
386,3,52.36302339740115,26.881492838063032,0,2,1,0
387,2,61.04982173017626,17.014111784780983,1,4,1,0
388,3,46.42987779012075,14.373835377425033,0,6,0,0
389,1,33.67867288035772,22.174957172025046,0,6,1,0
390,2,61.6230600170006,41.21129075583243,1,8,0,0
391,3,77.70461825909948,28.013213978545938,0,3,0,0
392,3,48.74078927945181,19.97045304496274,0,0,1,0
393,2,0.0,6.386073175937763,1,2,1,0
394,3,44.263100141287474,2.732874608671998,0,3,1,0
395,3,100.0,56.64381235118774,0,7,0,1
396,3,27.593936104948654,42.70906060863417,0,6,0,0
397,3,44.50379430947598,25.86787187269654,0,8,1,0
398,3,42.89716645296357,26.539913115122193,0,7,1,0
399,3,47.511343875305,21.185199748728795,0,6,1,0
400,3,44.56114868562088,0.0,0,1,1,0
401,2,0.0,29.508772835116098,0,9,0,0
402,2,6.159399337492561,2.2855794863482215,0,7,1,0
403,3,55.06960672131414,3.303575426921456,0,2,1,0
404,3,62.84395420391894,19.9173439899687,1,4,1,0
405,3,49.54144063517246,63.69828268957176,0,6,0,1
406,1,54.05810033452299,28.483209180036816,0,3,0,0
407,3,53.330806293928944,34.16335498515948,1,3,0,0
408,3,10.54668880000326,69.32742330571016,0,9,0,1
409,3,40.9977404644314,37.87757649504315,0,6,0,0
410,2,31.012837449827547,0.0,0,5,0,0
411,3,32.249616268031524,16.361596678992033,0,4,1,0
412,1,48.46683558978675,11.626420300350103,0,7,1,0
413,2,74.9347378270609,43.761825987628015,1,5,0,0
414,3,54.93325595449266,30.686581746254536,0,4,1,0
415,3,61.39300335555232,36.36550403951013,0,4,1,0
416,3,55.45694194062351,21.6760771977243,0,2,1,0
417,2,35.648558973976904,24.852063857792245,0,2,1,0
418,3,40.149981016794364,33.361440287567135,0,8,1,0
419,3,19.37777191505784,15.5511990862339,0,3,0,0
420,2,60.27496254293012,39.64232973704854,1,4,1,0
421,3,68.231660007886,39.65920662654352,1,6,1,0
422,3,68.75300298825681,46.22799860324006,1,4,0,0
423,2,59.68257655103378,59.67967715819257,1,3,0,1
424,2,62.582694143431524,43.6397300340342,1,6,0,0
425,3,50.402795299781445,28.602529841975873,0,4,0,0
426,3,45.05961751211266,66.22876603485267,0,7,0,0
427,2,57.58396326464658,60.79477281639011,1,10,0,1
428,2,48.780616342694394,21.278447751061336,0,3,1,0
429,2,52.426749118073495,57.635242623561034,0,5,0,0
430,2,79.16867147971476,72.93081655878851,1,1,0,1
431,3,63.89344923818995,45.24030902405905,0,8,1,0
432,2,73.88287260145414,31.475350792939874,1,8,0,0
433,3,68.87976317343353,34.00346366170919,0,4,1,0
434,1,39.01283768076926,31.565252659467884,0,6,0,0
435,3,31.267968668163657,13.305408879006942,0,3,0,0
436,3,50.701779735893574,24.27413033382328,0,4,1,0
437,3,100.0,10.627009220913964,0,5,1,0
438,2,72.39777871009028,51.11644108511036,1,3,0,1
439,3,61.917051265209764,36.68954909337115,1,4,0,0
440,3,50.760217336638014,28.061170811454147,0,3,1,0
441,3,57.865267047381714,11.868476688708531,0,1,1,0
442,3,25.564297818729955,0.0,0,5,1,0
443,3,66.14539815780073,41.3940525030196,1,6,1,0
444,2,41.827397025306546,53.5483935835118,0,3,0,0
445,2,33.38064274482034,19.371731846378587,0,5,1,0
446,3,53.77386843504173,22.721358697443137,0,9,0,0
447,3,57.008331475889236,35.7239667714421,0,5,0,0
448,2,55.33805810765033,40.97967904822866,1,3,0,0
449,2,57.94038881364894,36.84999183789794,1,7,1,0
450,3,36.45877101344873,26.927801437611443,0,5,1,0
451,2,60.19561156351537,26.72536814318916,1,1,1,0
452,2,23.798914193353756,46.886335891416,0,7,1,0
453,2,40.06088411991291,52.53560320313529,0,8,0,1
454,2,51.38961005959231,70.71032568215787,0,9,0,1
455,3,63.07643288892151,37.64512715078968,1,3,1,0
456,3,44.20354197275248,0.0,0,2,0,0
457,2,64.79308281238983,22.214182279360923,1,6,1,0
458,2,59.19841127163876,50.18241966016967,1,3,0,0
459,3,61.13429705991531,16.897509608501657,1,4,1,0
460,3,56.55758663635842,36.629292947359744,0,8,1,0
461,3,42.924449415782725,29.186902959308558,0,7,1,0
462,3,51.871795639888795,49.23793283939739,0,12,0,0
463,3,47.814809216631275,0.0,0,5,1,0
464,1,75.28567937523091,42.85703611109488,1,9,1,1
465,3,83.31426171151604,56.590434757058404,1,8,1,0
466,2,59.87915168568026,9.480541200861246,0,2,1,0
467,3,55.730944429940905,13.29997561515134,0,6,0,0
468,2,44.98098059572574,55.990388555503905,0,5,0,1
469,3,55.02440213639375,36.165857679630236,0,7,1,0
470,3,69.14493325383745,44.95965471465056,1,7,1,0
471,2,9.628885490636058,16.18868953895097,0,4,0,0
472,2,34.34975268118546,0.0,0,7,0,0
473,2,59.13594807107544,33.087177600439944,1,5,1,0
474,3,100.0,30.414608765368968,1,6,0,0
475,3,60.432388524236785,34.468694569858414,1,4,0,0
476,3,68.8034782400703,16.72458519650598,1,3,0,0
477,2,47.537723911407255,0.0,0,0,0,0
478,3,57.71726076300413,14.36308736063012,1,5,1,0
479,3,0.0,32.91733463967356,0,9,0,0
480,2,75.68602741499237,32.16992782335187,1,2,0,1
481,3,73.2553383006607,30.319531456286978,1,8,1,0
482,3,70.93334384976112,75.57960473802146,1,6,0,0
483,3,55.13196157175392,10.719077758819253,1,4,1,0
484,3,54.436487059767494,10.326112321768917,0,4,1,0
485,2,92.8263124581948,64.34080364988307,1,7,1,1
486,3,61.8011008667947,16.333940609896423,0,4,1,0
487,2,38.20142487265905,35.6773078501966,0,13,0,0
488,3,37.19759965898271,0.0,0,4,1,0
489,3,29.952489483044104,17.071487047287327,0,4,1,0
490,3,71.86042292053948,21.25860037405589,1,1,1,0
491,3,66.67723672371302,11.401665015093904,0,3,1,0
492,3,63.87911908340611,73.79759777275196,0,7,0,0
493,2,47.15155125205705,71.1866270081367,0,10,0,1
494,2,18.34617419784424,0.0,0,5,1,0
495,3,53.31709649217266,19.302288152151554,0,6,1,0
496,2,44.23617123262273,50.26663539101819,0,4,0,0
497,2,71.40916582123995,20.26969909766725,1,4,1,0
498,2,66.84060242097327,49.64401906061602,1,9,1,0
499,3,50.97160656802345,11.611248150900012,0,5,1,0
500,2,32.67480406789859,55.232136749617716,0,8,0,0
501,3,46.002091477838924,0.2104329221758654,0,2,1,0
502,3,72.8673639723387,46.51246324717075,1,6,1,0
503,3,68.82719812489304,42.74156582628764,1,8,1,0
504,2,67.68713334771462,28.12653076312452,1,6,1,0
505,1,77.64616849394987,76.42133613842235,1,8,0,1
506,3,42.84399997054322,23.474303376675472,0,5,1,0
507,3,58.1182869999832,14.941343784481843,0,6,1,0
508,3,34.36160197062893,0.0,0,6,1,0
509,2,43.67070180132294,2.8471883719529765,0,3,0,0
510,1,39.31784180586096,26.084454092549368,0,4,1,0
511,3,18.08751695317034,0.0,0,2,1,0
512,2,25.009336903922772,16.80094616526489,0,6,1,0
513,2,36.50002176837731,18.146376492402112,0,2,1,0
514,2,31.26409558323603,0.0,0,6,1,0
515,2,76.44547019897665,50.1807142322311,1,5,1,0
516,3,52.983551957726235,55.970022781356626,0,3,0,0
517,2,43.968789676907406,75.39268311325674,0,11,0,1
518,3,59.62178345372451,60.22326622996441,0,8,0,0
519,3,0.0,58.3799995909476,0,6,1,0
520,1,47.00080516489462,10.866108876033529,0,6,1,0
521,2,80.1843440735875,46.59915826545606,0,4,0,0
522,2,61.949873368270694,15.534451227842979,1,5,1,0
523,2,23.606022377083434,0.0,0,4,1,0
524,2,20.42215337221683,31.24130965576787,1,8,0,0
525,2,35.2725593565218,0.0,0,2,0,0
526,3,74.16569530535965,48.81382267449275,1,4,0,0
527,3,47.71932523370959,69.90997011712905,0,8,0,1
528,3,46.83131173964668,8.169641334293546,0,6,0,0
529,3,54.22288007480001,4.013479304321543,0,3,1,0
530,2,26.40537991098936,37.31481316709352,0,5,0,0
531,3,34.9173249071693,27.903720566589296,0,3,0,0
532,3,39.6085867653754,1.89959975142391,0,2,1,0
533,3,54.91643279157607,6.022434721181013,0,9,1,0
534,3,42.58118621835144,5.8796471557461025,0,3,1,0
535,3,50.17995382360481,13.355656375351105,0,4,1,0
536,3,66.9977400211936,38.14257512366491,1,2,1,0
537,3,53.9665028515588,0.23700108441599887,0,4,0,0
538,3,25.91094960742679,17.50919904977833,0,8,1,0
539,3,39.817633997720414,19.852495531154457,0,4,0,0
540,3,42.201054840624444,44.19656338102052,0,10,0,0
541,2,43.08458288643725,23.14570032223154,0,4,1,0
542,2,23.825274455067905,35.05386744911543,0,3,0,0
543,3,100.0,23.0456132665604,1,5,1,0
544,3,53.13531145851662,11.807059450228362,0,4,0,0
545,3,68.58205246229556,54.19811692252275,1,6,0,0
546,2,46.09827291884373,1.1268923678343186,0,1,1,0
547,2,47.74320478588573,21.934966679400237,0,3,1,0
548,3,58.24778588300348,28.81661155664416,0,2,1,0
549,2,83.9138238932371,30.75945282639203,1,4,1,0
550,2,23.787272527680248,28.718001496346226,0,7,0,0
551,3,0.0,7.641193314844816,0,3,1,0
552,3,46.818558919733725,27.177816827518896,0,4,1,0
553,3,64.89876243744176,29.84071005539935,1,6,1,0
554,3,65.19397381220658,73.6017985285103,1,6,0,1
555,3,45.790183762889434,16.582322863761156,0,3,1,0
556,3,48.79584869308532,20.561780351723286,0,7,0,0
557,2,59.13321609173168,43.18660755200235,1,8,0,1
558,3,14.345447571715491,31.627596880184598,0,3,1,0
559,2,22.747091634230774,0.0,0,4,1,0
560,3,58.7718102756199,61.234715911409204,1,3,0,0
561,2,36.514489148932554,4.23396669774335,0,6,1,0
562,2,47.755329708578344,25.28549792356482,0,3,0,0
563,2,53.9252028607392,6.744947640069476,0,3,1,0
564,3,52.3721999351438,47.251595097420946,1,12,1,1
565,2,56.176568859530704,8.38120066364878,1,3,0,0
566,2,60.48646774289671,13.587221534065353,1,5,1,0
567,1,35.43723987370033,17.809413291872662,0,4,1,0
568,2,44.02658224802401,55.175132539483386,0,4,0,1
569,2,66.5525899956226,41.19397417310281,1,4,1,0
570,3,38.615932801887304,55.58843609056716,0,5,0,0
571,3,34.81549885802694,2.6446096671324817,0,5,1,0
572,3,37.33042716543778,7.0267479894917955,0,7,0,0
573,2,48.15831512956207,39.101689968662676,0,3,0,0
574,2,42.187434320223026,12.913545101025095,0,8,1,0
575,2,59.63351112548646,14.13810002021127,1,4,1,0
576,3,49.97958989435628,23.142935567177723,0,1,1,0
577,2,79.31796149209839,47.19511719381426,1,3,1,0
578,3,50.59827694943776,35.46718307107407,0,3,0,0
579,2,37.86363671382189,20.855039664924607,0,4,1,0
580,3,72.39249615536937,77.96476196304394,1,5,0,0
581,3,35.032031298654935,13.602799737704519,0,3,1,0
582,2,42.50737244583338,8.54917927980964,0,6,1,0
583,3,75.86796665433249,31.236228218014347,1,6,0,0
584,2,18.68622878615855,9.580928398648426,0,6,1,0
585,3,72.01732284326668,39.98579864325946,1,2,1,0
586,3,60.64495449173636,39.447615906372555,0,6,1,0
587,3,55.24416011171079,83.07738295489865,0,11,0,1
588,2,51.355855997802585,14.94192145318027,0,6,1,0
589,2,54.55728762006053,48.86850893623793,1,8,0,0
590,3,55.069102316068786,67.61650959012023,0,6,0,1
591,3,76.27659571240653,74.10324664948061,1,5,0,1
592,3,29.064833488324336,47.92996340458292,0,4,0,0
593,2,55.0369110912821,39.84036635912777,1,2,0,0
594,1,52.45608212115428,3.6705325112271994,0,3,1,0
595,3,25.257909930838895,0.0,0,5,1,0
596,1,71.18939764665514,48.744409500728395,1,8,1,1
597,2,80.18819011045659,60.40000252019816,1,6,0,1
598,2,57.17629227642261,17.690597916738763,0,7,1,0
599,3,67.70121789783525,42.265070755811216,1,4,0,0
600,3,24.874991360806117,0.0,0,0,1,0
601,3,48.031124919500556,33.346649330206525,0,5,1,0
602,3,47.105682062480625,36.14064345707777,0,3,0,0
603,2,46.91351358548053,58.40462459696687,0,6,0,0
604,3,40.60761048508794,26.407589251161404,0,4,1,0
605,3,37.597964535850245,20.730580829206023,0,3,1,0
606,2,56.11914553096479,21.29384472811261,0,5,1,0
607,2,63.18077963847804,36.619351233708784,1,3,1,0
608,2,43.27484173281224,0.0,0,2,1,0
609,3,45.074440064888115,23.335528470205173,0,2,1,0
610,3,39.27543169688927,33.60649244625734,0,4,1,0
611,2,47.458359696387845,39.515089644979625,0,5,0,0
612,3,39.200206788936285,23.399531106727977,0,5,1,0
613,3,52.99801219119572,45.22242616436712,0,8,0,0
614,3,98.25315921296277,13.369287006216785,0,4,0,0
615,3,65.5344921306785,41.2795229749211,1,3,1,0
616,2,39.20526388729599,3.044912901500248,0,7,1,0
617,3,48.296606297536236,3.4380777170230745,0,3,1,0
618,2,39.04809226883097,48.85550017767946,0,1,0,0
619,3,50.70768242574634,68.4729110840411,0,8,0,0
620,3,52.68565509320182,66.53550148570777,0,9,0,1
621,2,55.433005812680676,69.76172555987708,0,7,0,1
622,3,37.516888303891726,60.62705681591765,0,5,0,0
623,1,31.625255619799685,0.9830208367469355,0,4,0,0
624,3,85.83463216150649,64.96975802151351,1,7,0,1
625,3,44.505241534258225,26.392771221486743,0,7,0,0
626,1,54.89961075258238,46.683565771475884,0,6,0,0
627,3,33.867830963172345,53.484476700922876,0,5,0,1
628,3,39.67357477764948,2.125595674740011,0,4,1,0
629,3,65.19004481749204,43.335167168937744,1,7,1,1
630,3,44.89998165056976,52.30068352519654,0,3,0,0
631,3,56.713221725714405,42.701329241521435,0,6,1,0
632,3,70.61696585357613,49.60131889185176,1,9,1,0
633,3,39.18305052816899,1.5640182250905044,0,4,0,0
634,1,40.40349684028363,36.00925037028713,0,5,1,0
635,2,65.85651413048579,10.112425641771138,1,4,1,0
636,3,77.36736923584672,33.18144455399054,1,4,0,0
637,1,40.32528622435543,10.244067491413198,0,7,1,0
638,3,65.49150971128259,22.963938510231852,0,7,0,0
639,3,35.532535559666606,0.0,0,3,1,0
640,2,28.154819849455365,15.267020790355229,0,6,1,0
641,2,43.421509225839124,4.559199586943061,0,5,0,0
642,2,33.70766312964233,3.7369297956387233,0,6,1,0
643,2,65.99709541413765,49.75454623527721,1,6,0,0
644,3,36.48175333154048,2.63941962781485,0,7,0,0
645,3,56.77429272560826,34.588422744892746,1,5,0,0
646,3,54.96840342592434,38.150593892437335,0,8,1,0
647,3,62.07993318873034,54.94733771782582,0,8,0,0
648,3,59.07449927538388,69.1184568925833,1,6,0,1
649,3,0.0,42.52653265199627,0,4,0,0
650,2,35.99747984422526,0.0,0,3,1,0
651,2,72.48534533845778,31.136148894207878,1,10,1,0
652,3,33.08753704767763,47.92657675495151,0,7,0,0
653,2,72.80417304491925,66.84055239349735,1,4,0,1
654,1,100.0,57.7134661138469,1,3,0,1
655,2,34.904062449191564,1.9260032576944184,0,6,1,0
656,2,62.9263539853879,21.532768866025094,1,5,1,0
657,2,31.34695200685521,25.863301803612412,0,8,0,0
658,3,67.55634706136756,86.85289942865205,1,7,0,1
659,1,48.83381269172802,3.8166557676332857,0,6,0,0
660,2,49.32636592911787,40.86750399852528,0,4,0,0
661,3,46.43327794812649,30.164619851805647,0,6,0,0
662,3,23.77881434511262,18.89318334773585,0,6,0,0
663,3,60.50946900028488,41.54380999756145,0,2,1,0
664,3,28.053235703566102,0.0,0,5,0,0
665,3,43.4999067180292,53.67119218814698,0,5,0,0
666,3,54.68929324385105,39.92597762890674,0,3,1,0
667,3,46.48470843901774,18.805507966529404,0,11,1,0
668,1,70.51695471869085,34.3587215324181,1,1,0,1
669,2,33.08464795987422,20.899144538976763,0,6,1,0
670,2,70.67875174016912,47.158028279744194,1,7,1,1
671,2,44.6673122199037,35.95612777439662,0,4,0,0
672,3,64.70923890263035,64.04327320011868,1,3,0,0
673,3,65.59525725177707,39.0602738650763,0,2,1,0
674,2,54.540533481790675,28.956451771718132,1,4,0,0
675,2,43.36368122825533,19.324262925216992,0,4,1,0
676,3,38.98220606776096,10.149984530285193,0,6,1,0
677,3,36.9512325633832,23.56882856784527,0,5,1,0
678,3,67.28293583330718,40.639874667811334,1,6,1,0
679,3,37.04372654716142,3.624067579015275,0,4,1,0
680,3,76.66518425253904,30.587995507843303,1,6,1,0
681,1,28.933997983151198,30.92048631224266,0,6,0,0
682,2,68.25814936304229,17.77669006948358,1,2,1,0
683,2,51.23871682421358,34.87067713325407,0,8,0,0
684,2,40.51888818889685,0.9467409792110733,0,3,1,0
685,2,71.35551681927545,73.9512140059636,1,7,1,1
686,3,65.70450890736552,47.62327332636845,1,7,0,0
687,3,30.385629606108054,51.33194453673361,0,7,0,0
688,2,45.24631501608384,27.36590070248561,0,1,0,0
689,3,48.29328620872349,37.55602934921862,1,6,0,0
690,2,54.531296692732916,37.35919210042505,1,5,0,0
691,1,25.28695324844718,16.18414207862974,0,7,1,0
692,2,31.318618408721086,6.255289574917514,0,5,1,0
693,3,33.133256867136154,18.883420940322605,0,4,1,0
694,3,72.51182615991296,80.62373975175528,1,7,0,1
695,2,49.64714983418481,25.659298146818383,0,0,0,0
696,3,25.318918799142075,22.272070515588645,0,4,0,0
697,3,32.129158932169894,8.793674331579727,0,3,1,0
698,3,34.61340629662538,0.0,0,4,1,0
699,3,38.219813790899636,47.63351171460443,0,5,0,0
700,3,52.48656693466337,5.442941553390506,0,2,1,0
701,3,54.80052554630193,13.594128261794456,0,7,0,0
702,3,43.416421296797886,52.515862627529685,0,3,0,0
703,1,51.300081362609156,28.62162790945441,0,6,0,0
704,3,28.220731807576904,22.102842009747572,0,4,0,0
705,3,79.24934838773254,87.96595837418734,1,9,0,1
706,2,33.347308410871825,0.0,0,6,1,0
707,2,37.10480904643413,20.672978904987666,0,5,1,0
708,2,55.897996899422466,16.70188220644168,1,6,1,0
709,3,70.03969158298243,25.532566465514897,1,5,1,0
710,3,54.71995899970558,7.046942418063663,0,3,1,0
711,2,65.26959239766278,50.564881392971444,1,4,0,0
712,3,78.73138178644982,79.80213474748614,1,7,0,1
713,3,65.69312796155681,41.94590848920678,1,6,1,0
714,3,63.327269065347,46.689262967050766,1,4,1,0
715,3,50.99116725361563,13.59317130797136,0,6,0,0
716,3,49.579391220977655,13.140544752366512,0,6,1,0
717,3,43.18563924224941,12.891688499749035,0,9,0,0
718,3,40.93758279855668,59.351274418284724,0,6,0,0
719,2,35.98765641370974,23.20744705014299,0,3,0,0
720,3,25.026264694207853,19.64663046345317,0,7,1,0
721,2,46.67620971732835,19.454025435846496,0,2,1,0
722,2,34.29215562414407,0.0,0,3,1,0
723,2,45.85509767555205,31.68977021361043,0,6,1,0
724,2,48.55665730737344,38.36045069471748,0,5,0,0
725,3,50.98603485880064,70.13019746764499,0,9,1,0
726,2,43.43096294680242,8.100175646320846,0,6,0,0
727,3,19.96318464831062,22.488151780065998,0,6,0,0
728,3,27.75699178457006,0.0,0,6,1,0
729,2,54.62792740926313,36.96981697410693,0,7,0,0
730,3,45.09422370143986,7.120394551540997,0,7,1,0
731,2,27.55126886967455,14.639469490142249,0,5,1,0
732,2,65.54339562376792,45.03729434038103,1,5,1,0
733,2,45.740198103564886,0.8706924823632471,0,3,1,0
734,1,43.93460162625208,35.362968988499055,0,5,1,0
735,3,41.047452869065765,0.0,0,3,1,0
736,3,56.16456004692489,7.410229110153534,0,2,1,0
737,2,41.089327274363264,0.0,1,3,0,0
738,3,76.27442111371367,22.176604854288872,1,5,0,0
739,3,41.95856135793365,54.75437258537071,0,5,0,1
740,3,51.558852638947094,60.24738867233283,0,4,0,0
741,3,61.47775328233971,17.342570525963428,1,7,1,0
742,2,44.80266020843964,31.17375226372011,0,6,1,0
743,3,79.73717799275045,36.31499606494583,1,6,1,1
744,3,34.758970086163735,0.0,0,1,1,0
745,2,31.554890121276365,15.368507289171902,0,4,0,0
746,3,69.1793552188194,47.08773539683442,1,2,0,0
747,3,50.97560157318567,19.345336519622506,0,10,1,0
748,3,56.114658090260185,45.16915890563902,0,3,0,0
749,2,60.67799562300466,9.407526957276646,1,2,1,0
750,3,53.293293390545465,12.941313758811802,0,5,1,0
751,3,29.69738761453186,41.25558074237052,0,2,0,0
752,2,45.9919180825941,42.46147681853757,0,7,1,0
753,3,54.15770640899136,17.536901325327708,1,6,1,0
754,2,30.62868807218994,16.715137069589208,0,5,1,0
755,3,100.0,55.8567177778495,1,9,0,1
756,2,31.923779756484784,23.26627073282397,0,6,1,0
757,2,51.292643481683804,36.387297362702064,0,3,0,0
758,3,55.16083181643766,58.5959089816668,0,4,0,1
759,3,43.78225154777598,19.236991027034332,0,4,1,0
760,2,77.20131500803464,34.260584692766216,1,4,1,0
761,2,54.10594040299817,35.90976956277098,1,2,0,0
762,2,55.48791543140059,18.85422881576709,1,7,1,0
763,2,61.33334625915902,71.14539510604283,1,8,0,1
764,2,26.83956511048473,37.168838045953876,0,8,0,0
765,2,58.383558050100376,60.43706268407291,1,11,0,1
766,2,71.03314752276468,29.524633246050644,1,4,1,0
767,3,79.02354000958671,63.666764088135004,1,8,0,1
768,3,43.01863723647138,22.514030150823448,0,4,0,0
769,2,60.407199185268155,45.40659557874737,1,3,0,1
770,3,56.67087465934158,36.39773054371001,1,4,0,0
771,3,36.58806638353783,0.0,0,4,1,0
772,3,51.145184911592374,6.092008459806069,0,5,1,0
773,1,54.326048377149675,14.875495301309531,1,4,1,0
774,2,29.85116249041402,38.496686765811575,0,7,0,0
775,3,78.33821096482876,65.67690842952734,1,7,0,1
776,2,54.19468988234503,4.17518547461399,1,4,0,0
777,3,81.81277468217718,28.35560941056302,1,5,1,0
778,3,55.512384510582464,33.7352251930667,0,5,0,0
779,3,64.30529137053173,65.19855480978677,1,2,0,0
780,3,51.62307345849967,17.517404628404456,0,7,1,0
781,3,58.0267794188282,22.182309684918255,0,7,1,0
782,2,47.1214057424492,69.42810585099163,0,10,0,1
783,2,16.08962913102488,0.0,0,4,0,0
784,3,28.156814895649646,30.24481826479343,0,6,1,0
785,3,77.71411502324553,75.0687082552566,1,4,0,1
786,3,38.40071076882358,47.16501882760062,0,3,0,0
787,3,49.262295730060956,35.363831447413034,0,6,0,0
788,3,29.71909072098581,61.395099155731174,0,7,0,0
789,2,28.38083187838406,28.819706073743212,0,6,1,0
790,1,58.72968367880001,43.88001868083374,0,5,1,0
791,3,57.032411871168954,37.16947449930687,0,8,1,0
792,2,54.22939788703748,17.491871220559144,1,4,1,0
793,3,61.77414079362635,38.09985093823899,1,5,0,0
794,2,34.96338268090647,1.5178739405341957,0,6,0,0
795,2,52.77438051579632,72.75723137071144,0,12,0,0
796,2,76.05303339592913,26.910085921671257,1,3,0,1
797,3,78.3891033665519,38.1504643058816,1,5,1,0
798,3,36.939314406453654,25.0918066037587,0,6,1,0
799,2,57.61023157559528,38.769626446556956,1,7,1,0
800,3,69.22997533973621,74.0355046498541,1,4,1,1
801,2,87.15802950807455,57.02844513836279,1,4,1,1
802,1,52.18327528730443,41.091633622944364,1,6,0,0
803,3,36.050144197902185,10.907465634039438,0,1,1,0
804,3,58.41961464407958,15.135049251168203,0,5,1,0
805,2,35.90663997555938,49.025906202660764,0,5,0,0
806,3,52.892876766893636,28.26554717616125,0,4,1,0
807,3,54.58453714505658,12.4041069899503,0,5,0,0
808,3,34.43379341802445,45.7238341166099,0,5,1,0
809,3,17.502490054913906,44.02034737136822,0,6,1,0
810,2,64.9902403467633,46.53355959150456,1,4,0,0
811,2,34.09608758628194,18.838709542203713,0,5,1,0
812,3,48.83092683538115,61.52025043371562,0,7,0,0
813,2,88.46144106321815,61.39030926976923,1,7,0,1
814,2,48.51218762746331,5.006614738478119,0,3,0,0
815,2,28.727965182375886,28.089264802424726,0,5,0,0
816,2,42.18794462081842,25.4949470884134,0,2,1,0
817,3,35.84540652980262,25.856011541250076,0,2,0,0
818,2,100.0,21.678597143111997,1,3,1,0
819,2,39.66410853851578,7.091371687435274,0,7,1,0
820,2,25.812105422756456,11.800917385807647,0,4,1,0
821,3,39.36486538743191,39.809274786205684,0,9,0,0
822,3,29.628633395431486,1.1130399050915498,0,5,0,0
823,3,48.17461397971846,44.13498121266729,0,6,1,0
824,3,72.82728435057145,51.80722527077033,1,7,1,0
825,2,62.527479492244545,63.43866400537772,0,7,1,0
826,3,74.3793648516439,68.98315326951504,1,3,0,1
827,1,63.083167160116645,36.40970130621284,1,4,1,0
828,2,57.770639620649206,38.61057226796434,1,5,1,0
829,2,52.3818500531052,36.62035185339698,0,3,0,0
830,1,76.01994948677813,47.951469559029874,1,5,1,1
831,3,50.05966549753802,33.09341530318301,0,5,0,0
832,2,42.28278598542634,58.951706134316076,0,5,0,0
833,3,34.652992351982874,18.125553773365088,0,4,1,0
834,3,47.72615299633531,7.866106977102534,0,4,1,0
835,2,72.43561137177497,48.509287006236356,1,3,0,0
836,3,40.555359532457565,11.00460934033298,0,7,1,0
837,2,30.615327397874577,49.339757633995,0,9,0,0
838,3,41.743628372758245,13.91473945259868,0,8,1,0
839,2,65.07251416494242,39.2961738644852,1,2,1,0
840,3,56.59637256357247,32.681965257966326,0,2,1,0
841,2,38.6571716772192,0.0,0,4,1,0
842,2,42.95897861060378,8.273656243622437,0,5,1,0
843,2,52.78430371707706,13.773676302286425,0,5,0,0
844,2,48.15765243238035,29.668064394781897,0,3,0,0
845,2,85.32690944775152,36.265841022573724,1,6,1,1
846,2,62.31430836487695,52.21012502453564,1,4,0,0
847,3,22.785322892073463,7.192590490804383,0,7,0,0
848,2,88.84966263343976,52.08398259031104,1,4,0,1
849,3,29.47410613081904,16.27123948308273,0,6,1,0
850,3,84.66686023483713,71.999153237026,1,3,1,1
851,3,30.687764005157966,14.218050453815525,0,5,0,0
852,2,39.6479884294968,54.390550646909695,0,4,0,0
853,3,63.87341620328988,28.940490784721227,1,3,1,0
854,3,57.79236476016897,38.93106217057082,1,8,1,0
855,2,39.45537863654883,49.67799401021567,0,3,0,0
856,3,61.849996465583004,24.41829848997023,1,2,1,0
857,3,77.26661768561829,54.53134992879654,1,8,1,1
858,3,43.81850258439967,7.441700788757275,0,6,1,0
859,3,27.84318248346721,8.910092960749292,0,9,1,0
860,2,73.52002157453155,25.130572504351417,1,3,1,0
861,3,43.736374942048386,63.768894183309314,0,9,1,0
862,3,42.91556601025933,0.0,0,3,1,0
863,2,74.66834785666131,41.738653533146426,1,3,1,0
864,3,67.70540930887037,14.288217083227778,1,5,1,0
865,3,40.31742750479905,44.05746780379643,0,6,0,0
866,3,56.13324545216118,14.57586072698799,0,6,1,0
867,3,63.986101794889215,47.673908385247515,1,4,0,0
868,3,49.46502814063689,57.72585096457716,0,3,0,0
869,2,50.93246303989877,10.265673837459731,0,5,1,0
870,2,68.88508320614336,71.62470450684778,1,4,0,1
871,3,51.234680275497574,29.129812748361633,0,2,1,0
872,3,32.14764198434918,0.0,0,2,0,0
873,2,29.043979411209655,40.50172662494866,0,3,0,0
874,3,44.95946977185444,12.726919902849765,0,8,0,0
875,3,6.2989622400128145,0.26860434351938767,0,11,1,0
876,2,44.399821662686634,7.035162073218198,0,3,0,0
877,2,32.70875279985393,54.325189023595044,0,7,0,0
878,3,30.076856272213988,49.372992093070174,0,7,0,0
879,1,64.70648289194267,73.71785307077616,1,7,0,1
880,3,31.968895425890807,9.061243717999615,0,2,0,0
881,2,49.71021845468498,28.247495241009084,1,4,1,0
882,3,37.19802084479759,5.609522607553412,0,7,1,0
883,2,55.70895436971609,32.86398257659033,1,5,1,0
884,2,57.74488455984414,45.29092144125352,1,9,1,0
885,2,57.568410925981034,34.18371019902642,0,3,0,0
886,3,62.92182051178811,14.895067667081529,0,5,1,0
887,2,45.781100804215974,38.78025901092805,0,5,0,0
888,3,44.12862699698907,53.64659298409708,0,4,0,1
889,2,47.74543701202364,20.771712368355097,0,2,1,0
890,3,66.47110873037838,40.214987352283835,0,5,1,0
891,3,64.5498027539543,40.95264345272156,0,3,0,0
892,3,60.084769900074065,12.25451070069738,1,3,1,0
893,2,87.4325073061047,27.641908398172344,1,5,1,1
894,2,23.351294620140855,11.23389433446573,0,5,0,0
895,2,54.569160136126165,19.305377820587516,0,9,0,0
896,2,64.77091030728623,15.398414898098038,1,2,1,0
897,3,8.67976387598663,0.0,0,2,1,0
898,3,32.79552915593611,19.895230221080528,0,7,1,0
899,3,52.05395379350197,32.774405378373814,0,7,1,0
900,2,56.70104528336617,34.79701161007858,1,5,1,0
901,3,72.28585516294213,64.05134958770142,1,2,0,1
902,2,48.889083014033446,75.65694167211228,1,3,0,1
903,2,32.40146591749737,0.0,0,4,1,0
904,2,45.12205771420598,53.74916944258595,0,11,1,0
905,3,14.931049417992075,25.978135249605813,0,8,1,0
906,3,48.0505288213962,62.12710792864816,0,5,0,0
907,2,63.2747744873604,63.5075969272483,0,5,0,0
908,2,69.82922501010002,18.465905718563466,1,3,1,0
909,3,58.75858465614623,8.254340217069124,1,5,1,0
910,2,61.96455834146252,5.911008833663086,0,6,1,0
911,2,42.97162903242779,37.03725274879414,0,4,1,0
912,3,79.86420249999128,36.199984413576686,1,8,1,0
913,3,17.5402444240079,25.025323797929836,0,5,1,0
914,1,71.323661708196,38.31429583079535,1,6,1,1
915,2,60.98708882926476,41.09113329993122,1,3,0,0
916,3,51.296956833120085,51.771680433083375,0,4,0,0
917,3,63.99938936381446,22.51021493743968,1,7,1,0
918,3,76.83393945731889,57.91967645755903,1,6,0,1
919,3,54.04175392874585,26.212134992879342,0,3,1,0
920,1,41.66026065063178,54.666644882147935,0,6,1,0
921,3,66.21824502050742,41.034352240820986,0,7,0,0
922,2,13.205913998657536,3.6345651999048663,0,9,1,0
923,2,22.10820814093715,29.371044414651564,0,8,0,0
924,1,46.63274895894599,46.065105837567806,0,5,0,0
925,2,72.28447083783576,37.42898680916936,1,7,0,1
926,3,55.17531086516033,44.04983140455833,0,8,1,0
927,3,51.24757393453484,35.00779575555758,0,4,1,0
928,3,59.466431187828455,52.47067589523397,0,8,1,0
929,3,48.368950155135074,29.780741758363842,0,5,0,0
930,2,46.47879345198687,30.427508324389077,0,4,1,0
931,3,61.07913065686877,40.16902004592361,1,6,1,0
932,3,51.59826909705531,37.505334240613145,0,9,1,0
933,2,71.80823539819758,42.17343941520326,1,3,1,0
934,3,61.48930468717083,59.98039181982426,0,4,0,0
935,3,80.28570325040633,62.32144623047833,1,5,0,1
936,3,43.30318857215916,30.401245865408246,0,5,0,0
937,3,48.87058306034231,11.220012739375525,0,6,1,0
938,3,52.777759235793525,9.477569468449717,0,4,0,0
939,2,38.04554902262734,31.891189608405494,0,5,0,0
940,2,26.58373713323461,31.826387764593008,0,7,0,0
941,2,13.736978056295506,35.62051443934154,0,5,0,0
942,3,53.90799156460614,26.785958367909757,0,2,1,0
943,3,60.626249685711116,17.193731301079172,1,6,1,0
944,2,30.900089679344827,15.826931600263773,0,5,0,0
945,3,65.63127038941289,48.24007125035178,1,3,0,0
946,2,68.6019562237012,70.23662213920055,1,4,0,1
947,3,55.23425243949302,29.72499026005105,0,6,1,0
948,2,45.856611458800046,4.672089335086594,0,2,0,0
949,3,63.026075913923805,17.47428920544631,1,5,1,0
950,3,79.29756275493382,14.76617507850546,0,4,1,0
951,3,37.0407416561609,19.39480130758368,0,6,1,0
952,2,50.02371248432587,31.217044699060075,0,7,0,0
953,3,22.69582862032411,0.0,0,4,1,0
954,2,72.44329220655378,39.03217989640801,1,2,1,0
955,3,44.54083708855276,29.95704734757036,0,4,1,0
956,3,55.91285640546723,6.77029345713423,1,2,0,0
957,2,38.87436280065934,0.0,0,2,1,0
958,3,29.854887047719945,27.234167963657775,0,11,0,0
959,3,59.54981890035007,21.637994364754963,0,6,1,0
960,2,50.91438622722826,37.88700702378601,1,5,1,0
961,3,54.65047994686284,17.771939294862797,0,7,0,0
962,3,17.92403455680614,0.0,0,5,1,0
963,2,41.75887880406046,29.18821370810498,0,6,0,0
964,2,60.2860704551055,12.351724304463174,1,4,1,0
965,2,55.98836910543836,48.132821651941654,1,4,0,0
966,2,61.674519837692834,39.07542467521156,1,3,1,1
967,3,56.002876369921594,41.45021291795647,0,4,1,0
968,2,60.40067083263089,21.101105202986282,1,4,1,0
969,2,32.65578529068421,0.0,0,4,1,0
970,2,33.86441869272953,52.13267522540198,0,5,0,0
971,2,46.3374555444486,2.387233921934426,0,3,0,0
972,3,70.8666427369915,42.04559755046348,1,7,1,0
973,3,45.00435281157726,0.0,0,1,1,0
974,3,48.4404279090519,18.322328599768138,0,5,1,0
975,3,49.68438367450701,10.104082475705006,0,6,0,0
976,2,67.54109967046139,40.886729012193584,1,3,0,0
977,1,85.14189000703449,35.33156004926667,1,5,1,1
978,3,47.089718226081395,9.636788536009243,0,5,0,0
979,3,65.02967523072391,14.948821174185428,1,3,1,0
980,3,41.38373234607464,4.183880409840696,0,5,0,0
981,1,58.89732371719602,15.25296173686109,1,3,0,0
982,2,38.54386218704155,44.732557358828124,0,7,0,0
983,2,41.41957698370385,28.40777459547663,0,4,1,0
984,3,38.912832275005314,32.18902232771428,0,6,1,0
985,2,68.62534570770298,40.97764621772131,1,3,0,0
986,3,39.60906342755238,22.907511496763338,0,6,1,0
987,3,64.89675083417357,41.623783711885636,1,6,1,0
988,3,76.05713230469505,44.67302319444688,1,4,0,0
989,3,63.58897961764415,52.983451634369885,1,7,0,1
990,3,64.93769029758617,17.831691995531166,0,4,1,0
991,3,57.11939440361198,39.82998013342813,0,5,1,0
992,3,35.6725563920828,25.5599305154955,0,5,1,0
993,3,38.53267872688098,25.971223751259885,0,3,0,0
994,3,46.836118179721126,27.82843793275177,0,4,0,0
995,2,63.24631405353947,15.338293326520606,1,2,1,0
996,1,48.838944926525876,5.335324506893753,0,2,1,0
997,3,43.853735200840056,25.45459984892086,0,4,1,0
998,3,48.832396946979216,3.591035387204034,0,2,1,0
999,3,60.94535394277078,39.60689999732856,1,3,1,0
